{
  "generated_at": "2025-12-25",
  "ssot_version": "V5.0.2",
  "locks": "state_uppercase, EVT_*, idempotency_key, append-only, provider-neutral, no-PII-without-consent, no-evidence-no-pay",
  "human_excel_count": 35,
  "machine_templatepack_count": 35,
  "templates_29": {
    "hard": [
      "TMP_HOUSE_MASTER",
      "TMP_ACTOR_MASTER",
      "TMP_JOB_MASTER",
      "TMP_PROVIDER_MAPPING",
      "TMP_EVENT_GOLDEN_PATH",
      "TMP_EVIDENCE_MANIFEST",
      "TMP_EVIDENCE_INDEX",
      "TMP_EVIDENCE_QA",
      "TMP_GATE_DECISION",
      "TMP_PAYOUT_REQUEST"
    ],
    "hard+soft": [
      "TMP_PREFLIGHT_BATCH_CHECK",
      "TMP_CORRECTION_EVENT"
    ],
    "soft": [
      "TMP_INTEL_RADAR_SNAPSHOT",
      "TMP_GOV_STAKEHOLDER_MAP",
      "TMP_GOV_ENGAGEMENT_LOG",
      "TMP_GOV_DELIVERABLES_TRACKER",
      "TMP_MESSAGING_REGISTRY",
      "TMP_BROADCAST_PLAN_LOG",
      "TMP_AB_CLUSTER_DESIGN",
      "TMP_DOR_LOG",
      "TMP_INFLUENCE_NODE_REGISTRY",
      "TMP_INFLUENCE_EDGES",
      "TMP_ECONOMIC_SNAPSHOT",
      "TMP_ENTERPRISE_CENSUS",
      "TMP_SEASONALITY_CALENDAR",
      "TMP_INCIDENT_RUMOR_LOG",
      "TMP_CAPACITY_CAP_PLAN",
      "TMP_RAIN_CHECK_BACKLOG",
      "TMP_DATA_OUTPUT_DELIVERY_LOG"
    ]
  },
  "placements": {
    "deliverables_root": "D2Com_Pilot_YenLac_SSOT_V5_0_2_MASTER_BUNDLE_2025-12-24/04_Templates_GD1/",
    "repo_excel_dir": "D2Com_Pilot_YenLac_SSOT_V5_0_2_MASTER_BUNDLE_2025-12-24/02_Repo_Complete/d2com-pilot-yen-lac/templates/excel/",
    "repo_schema_dir": "D2Com_Pilot_YenLac_SSOT_V5_0_2_MASTER_BUNDLE_2025-12-24/02_Repo_Complete/d2com-pilot-yen-lac/templates/schema_generated/",
    "repo_templatepacks_dir": "D2Com_Pilot_YenLac_SSOT_V5_0_2_MASTER_BUNDLE_2025-12-24/02_Repo_Complete/d2com-pilot-yen-lac/templates/templatepacks/"
  }
}