﻿event_code,event_ts,house_id,job_id,actor_id,idempotency_key,payload_json,event_id,template_code
EVT_ENG_LEAD_CREATED,2025-12-24T09:30:00+07:00,YLX01_H0001,,UST_0007,IDEM_H0001_LEAD_01,"{""lead_id"": ""LEAD_0001"", ""channel"": ""ANC""}",EID_IDEM_H0001_LEAD_01,A7_events_evt_star
EVT_ENG_LEAD_CREATED,2025-12-24T09:40:00+07:00,YLX01_H0002,,UST_0007,IDEM_H0002_LEAD_01,"{""lead_id"": ""LEAD_0002"", ""channel"": ""UST""}",EID_IDEM_H0002_LEAD_01,A7_events_evt_star
EVT_DISC_DRONE_SCAN_CREATED,2025-12-24T10:00:00+07:00,YLX01_H0001,,DRONE_0001,IDEM_H0001_01,"{""source_batch_id"": ""DEMO_BATCH_001"", ""scan_quality"": ""OK""}",EID_IDEM_H0001_01,A7_events_evt_star
EVT_DISC_DRONE_SCAN_CREATED,2025-12-24T10:00:00+07:00,YLX01_H0001,,DRONE_0001,IDEM_H0001_01,"{""source_batch_id"": ""DEMO_BATCH_001"", ""scan_quality"": ""OK""}",EID_IDEM_H0001_01,A7_events_evt_star
EVT_DISC_DRONE_SCAN_CREATED,2025-12-24T10:10:00+07:00,YLX01_H0002,,DRONE_0001,IDEM_H0002_01,"{""source_batch_id"": ""DEMO_BATCH_001""}",EID_IDEM_H0002_01,A7_events_evt_star
EVT_VER_CONSENT_REQUESTED,2025-12-24T10:30:00+07:00,YLX01_H0001,JOB_0001,UST_0007,IDEM_H0001_CONSENT_REQ_01,"{""consent_id"": ""CONSENT_0001"", ""consent_flag"": false}",EID_IDEM_H0001_CONSENT_REQ_01,A7_events_evt_star
EVT_VER_CONSENT_REQUESTED,2025-12-24T10:40:00+07:00,YLX01_H0002,JOB_0002,UST_0007,IDEM_H0002_CONSENT_REQ_01,"{""consent_id"": ""CONSENT_0002"", ""consent_flag"": false}",EID_IDEM_H0002_CONSENT_REQ_01,A7_events_evt_star
EVT_VER_HOUSE_QUALIFIED,2025-12-24T11:00:00+07:00,YLX01_H0001,JOB_0001,FIELD_RUNNER_01,IDEM_H0001_02,"{""roof_area_m2"": 100, ""confidence"": 0.9}",EID_IDEM_H0001_02,A7_events_evt_star
EVT_VER_CONSENT_OTP_VERIFIED,2025-12-24T11:05:00+07:00,YLX01_H0001,JOB_0001,UST_0007,IDEM_H0001_03,"{""consent_id"": ""CONSENT_0001"", ""consent_flag"": true}",EID_IDEM_H0001_03,A7_events_evt_star
EVT_VER_EVIDENCE_PACK_SUBMITTED,2025-12-24T12:00:00+07:00,YLX01_H0001,JOB_0001,FIELD_RUNNER_01,IDEM_H0001_EVI_SUB_01,"{""evidence_pack_uri"": ""s3://demo/evi/H0001.zip""}",EID_IDEM_H0001_EVI_SUB_01,A7_events_evt_star
EVT_VER_EVIDENCE_PACK_SUBMITTED,2025-12-24T12:10:00+07:00,YLX01_H0002,JOB_0002,FIELD_RUNNER_01,IDEM_H0002_EVI_SUB_01,"{""evidence_pack_uri"": ""s3://demo/evi/H0002.zip""}",EID_IDEM_H0002_EVI_SUB_01,A7_events_evt_star
EVT_VER_EVIDENCE_PACK_VALIDATED,2025-12-24T12:15:00+07:00,YLX01_H0001,JOB_0001,HO_QA_01,IDEM_H0001_EVI_VAL_01,"{""evidence_pass"": true}",EID_IDEM_H0001_EVI_VAL_01,A7_events_evt_star
EVT_VER_EVIDENCE_PACK_VALIDATED,2025-12-24T12:25:00+07:00,YLX01_H0002,JOB_0002,HO_QA_01,IDEM_H0002_EVI_VAL_01,"{""evidence_pass"": true}",EID_IDEM_H0002_EVI_VAL_01,A7_events_evt_star
EVT_TRX_SITE_SURVEY_STARTED,2025-12-25T09:00:00+07:00,YLX01_H0001,JOB_0001,ADGPRO_0012,IDEM_H0001_SURVEY_ST_01,"{""lead_id"": ""LEAD_0001"", ""commune_id"": ""YLX01"", ""product_code"": ""SOLAR"", ""started_at"": ""2025-12-25T09:00:00+07:00""}",EID_IDEM_H0001_SURVEY_ST_01,A7_events_evt_star
EVT_ENG_LEAD_CREATED,2025-12-25T09:10:00+07:00,YLX01_H0003,,UST_0007,IDEM_H0003_LEAD_01,"{""channel"": ""PLATFORM"", ""note"": ""Lead from platform form"", ""lead_id"": ""LEAD_0003""}",EVT_1003,A7_events_evt_star
EVT_TRX_SITE_SURVEY_STARTED,2025-12-25T09:15:00+07:00,YLX01_H0002,JOB_0002,ADGPRO_0012,IDEM_H0002_SURVEY_ST_01,"{""lead_id"": ""LEAD_0002"", ""commune_id"": ""YLX01"", ""product_code"": ""SOLAR"", ""started_at"": ""2025-12-25T09:15:00+07:00""}",EID_IDEM_H0002_SURVEY_ST_01,A7_events_evt_star
EVT_ENG_LEAD_CREATED,2025-12-25T09:20:00+07:00,YLX01_H0002,,CTV_0021,IDEM_H0002_LEAD_CTV_01,"{""channel"": ""CTV"", ""referral_code"": ""CTV21"", ""lead_id"": ""LEAD_0002""}",EVT_1004,A7_events_evt_star
EVT_ENG_LEAD_CREATED,2025-12-25T09:30:00+07:00,YLX01_H0001,,UST_0007,IDEM_H0001_LEAD_CITIZEN_01,"{""channel"": ""CITIZEN_ORG"", ""org"": ""Doan Thanh Nien"", ""lead_id"": ""LEAD_0001""}",EVT_1005,A7_events_evt_star
EVT_ENG_LEAD_CREATED,2025-12-25T09:40:00+07:00,YLX01_H0003,,ANC_0101,IDEM_H0003_LEAD_REF_01,"{""channel"": ""REFERRAL"", ""anc_node_id"": ""ANC_NODE_0101"", ""lead_id"": ""LEAD_0003""}",EVT_1006,A7_events_evt_star
EVT_TRX_SITE_SURVEY_COMPLETED,2025-12-25T11:00:00+07:00,YLX01_H0001,JOB_0001,ADGPRO_0012,IDEM_H0001_SURVEY_DONE_01,{},EID_IDEM_H0001_SURVEY_DONE_01,A7_events_evt_star
EVT_TRX_SITE_SURVEY_COMPLETED,2025-12-25T11:10:00+07:00,YLX01_H0002,JOB_0002,ADGPRO_0012,IDEM_H0002_SURVEY_DONE_01,{},EID_IDEM_H0002_SURVEY_DONE_01,A7_events_evt_star
EVT_TRX_CPQ_QUOTE_CREATED,2025-12-25T12:00:00+07:00,YLX01_H0001,JOB_0001,UST_0007,IDEM_H0001_QUOTE_01,"{""quote_value_vnd"": 58000000}",EID_IDEM_H0001_QUOTE_01,A7_events_evt_star
EVT_DISC_VDCD_PACK_CREATED,2025-12-25T12:10:00+07:00,YLX01_H0001,,EPCADG_0001,IDEM_H0001_VDCD_PACK_01,"{""vdcd_pack_id"": ""VDCD_PACK_0001""}",EVT_1601,A7_events_evt_star
EVT_TRX_CPQ_QUOTE_CREATED,2025-12-25T12:10:00+07:00,YLX01_H0002,JOB_0002,UST_0007,IDEM_H0002_QUOTE_01,"{""quote_value_vnd"": 62000000}",EID_IDEM_H0002_QUOTE_01,A7_events_evt_star
EVT_DISC_VDCD_API_PUBLISHED,2025-12-25T12:30:00+07:00,YLX01_H0001,,EPCADG_0001,IDEM_H0001_VDCD_API_01,"{""geojson_url"": ""https://example.local/geojson/house_00000001""}",EVT_1602,A7_events_evt_star
EVT_TRX_ORDER_SIGNED,2025-12-26T09:00:00+07:00,YLX01_H0001,JOB_0001,UST_0007,IDEM_H0001_ORDER_01,"{""order_value_vnd"": 55000000, ""discount_rate"": 0.05}",EID_IDEM_H0001_ORDER_01,A7_events_evt_star
EVT_FIN_CASH_COLLECTED,2025-12-26T09:10:00+07:00,YLX01_H0001,JOB_0001,FIN_CASHIER_01,IDEM_H0001_CASH_DEP_01,"{""cash_in_vnd"": 5000000, ""cash_type"": ""DEPOSIT"", ""txn_id"": ""TXN_0001""}",EID_IDEM_H0001_CASH_DEP_01,A7_events_evt_star
EVT_TRX_ORDER_SIGNED,2025-12-26T10:00:00+07:00,YLX01_H0002,JOB_0002,UST_0007,IDEM_H0002_ORDER_01,"{""order_value_vnd"": 60000000, ""discount_rate"": 0.03}",EID_IDEM_H0002_ORDER_01,A7_events_evt_star
EVT_FIN_CASH_COLLECTED,2025-12-26T10:10:00+07:00,YLX01_H0002,JOB_0002,FIN_CASHIER_01,IDEM_H0002_CASH_DEP_01,"{""cash_in_vnd"": 6000000, ""cash_type"": ""DEPOSIT"", ""txn_id"": ""TXN_0004""}",EID_IDEM_H0002_CASH_DEP_01,A7_events_evt_star
EVT_TRX_JOB_STARTED,2025-12-27T08:00:00+07:00,YLX01_H0001,JOB_0001,ADGPRO_0012,IDEM_H0001_JOB_START_01,{},EID_IDEM_H0001_JOB_START_01,A7_events_evt_star
EVT_TRX_JOB_STARTED,2025-12-28T08:00:00+07:00,YLX01_H0002,JOB_0002,ADGPRO_0012,IDEM_H0002_JOB_START_01,{},EID_IDEM_H0002_JOB_START_01,A7_events_evt_star
EVT_TRX_INSTALL_COMPLETED,2026-01-02T16:00:00+07:00,YLX01_H0001,JOB_0001,ADGPRO_0012,IDEM_H0001_INSTALL_DONE_01,{},EID_IDEM_H0001_INSTALL_DONE_01,A7_events_evt_star
EVT_TRX_HANDOVER_SIGNED,2026-01-02T18:00:00+07:00,YLX01_H0001,JOB_0001,HOMEOWNER_0001,IDEM_H0001_HANDOVER_01,{},EID_IDEM_H0001_HANDOVER_01,A7_events_evt_star
EVT_OPS_REWORK_OPENED,2026-01-03T10:00:00+07:00,YLX01_H0001,JOB_0001,FIELD_RUNNER_01,IDEM_H0001_REWORK_01,"{""reason"": ""minor_fix"", ""commune_id"": ""YLX01"", ""product_code"": ""SOLAR"", ""opened_at"": ""2026-01-03T10:00:00+07:00"", ""rework_reason_code"": ""minor_fix""}",EID_IDEM_H0001_REWORK_01,A7_events_evt_star
EVT_FIN_CASH_COLLECTED,2026-01-03T18:00:00+07:00,YLX01_H0001,JOB_0001,FIN_CASHIER_01,IDEM_H0001_CASH_FINAL_01,"{""cash_in_vnd"": 50000000, ""cash_type"": ""FINAL"", ""txn_id"": ""TXN_0002""}",EID_IDEM_H0001_CASH_FINAL_01,A7_events_evt_star
EVT_FIN_PAYOUT_SENT,2026-01-03T20:00:00+07:00,YLX01_H0001,JOB_0001,FIN_CONTROLLER_01,IDEM_H0001_PAYOUT_01,"{""payout_vnd"": 2000000, ""payout_id"": ""PAYOUT_0001"", ""txn_id"": ""TXN_0003""}",EID_IDEM_H0001_PAYOUT_01,A7_events_evt_star
EVT_TRX_INSTALL_COMPLETED,2026-01-05T15:00:00+07:00,YLX01_H0002,JOB_0002,ADGPRO_0012,IDEM_H0002_INSTALL_DONE_01,{},EID_IDEM_H0002_INSTALL_DONE_01,A7_events_evt_star
EVT_TRX_HANDOVER_SIGNED,2026-01-05T17:00:00+07:00,YLX01_H0002,JOB_0002,HOMEOWNER_0002,IDEM_H0002_HANDOVER_01,{},EID_IDEM_H0002_HANDOVER_01,A7_events_evt_star
EVT_FIN_CASH_COLLECTED,2026-01-06T17:00:00+07:00,YLX01_H0002,JOB_0002,FIN_CASHIER_01,IDEM_H0002_CASH_FINAL_01,"{""cash_in_vnd"": 54000000, ""cash_type"": ""FINAL"", ""txn_id"": ""TXN_0005""}",EID_IDEM_H0002_CASH_FINAL_01,A7_events_evt_star
EVT_FIN_PAYOUT_SENT,2026-01-06T20:00:00+07:00,YLX01_H0002,JOB_0002,FIN_CONTROLLER_01,IDEM_H0002_PAYOUT_01,"{""payout_vnd"": 1800000, ""payout_id"": ""PAYOUT_0002"", ""txn_id"": ""TXN_0006""}",EID_IDEM_H0002_PAYOUT_01,A7_events_evt_star
EVT_DISC_DRONE_SCAN_CREATED,,YLX01_H0002,JOB_0002,DRONE_0001,IDEM_BAD_01,"{""source_batch_id"": ""DEMO_BATCH_001""}",EID_IDEM_BAD_01,A7_events_evt_star
