﻿formula_id,metric_code,metric_name_vi,metric_name_en,k_level,unit,window,expression_vi,expression_dsl,inputs_required,status,evidence_ref,notes,last_updated
F-K2-04,adgpro_active_count,adgpro_active_count,adgpro_active_count,K2,count,point-in-time,Theo định nghĩa KPI: Số ADG Pro có job/thi công trong kỳ.,"{""dsl_version"":""1.0"",""expr"":{""op"":""count_distinct"",""source"":{""table"":""job_master""},""field"":""adg_actor_id"",""where"":{""op"":""exists"",""field"":""job_id""}}}","tables:job_master | keys:house_id,lead_id,job_id,txn_id",READY_DEMO,Appendix_A4_Algorithm_Specs_K0_K8_Canonical_Aligned_V5_0_2_2025-12-24.md (contract only),warn falling,2025-12-27
F-K2-05,adgpro_pass_rate,adgpro_pass_rate,adgpro_pass_rate,K2,rate,7d,Theo định nghĩa KPI: Tỷ lệ job của ADG Pro đạt nghiệm thu chuẩn ngay lần đầu.,,"tables:job_master/qa_log | keys:house_id,lead_id,job_id,txn_id",PLACEHOLDER,Appendix_A4_Algorithm_Specs_K0_K8_Canonical_Aligned_V5_0_2_2025-12-24.md (contract only),warn <0.85,2025-12-27
F-K4-05,adgpro_wallet_share,adgpro_wallet_share,adgpro_wallet_share,K2,rate,point-in-time,Theo định nghĩa KPI: Tỷ trọng thu nhập từ ADG trong tổng thu nhập thợ (nếu không có tổng thu nhập thì dùng proxy theo job-share).,,"tables:finance_ledger/job_master | keys:house_id,lead_id,job_id,txn_id",PLACEHOLDER,Appendix_A4_Algorithm_Specs_K0_K8_Canonical_Aligned_V5_0_2_2025-12-24.md (contract only),warn falling,2025-12-27
F-K2-03,anc_active_nodes,anc_active_nodes,anc_active_nodes,K2,count,point-in-time,Theo định nghĩa KPI: Số ANC/CTV đang phát sinh lead trong kỳ.,,"tables:lead_master | keys:house_id,lead_id,job_id,txn_id",PLACEHOLDER,Appendix_A4_Algorithm_Specs_K0_K8_Canonical_Aligned_V5_0_2_2025-12-24.md (contract only),warn falling,2025-12-27
F-TECH-01,automation_rate,Automation Rate (tỷ lệ tự động hóa),Automation rate,K5,rate,rolling_30d,Theo định nghĩa KPI: % tác vụ chuẩn chạy qua workflow (không nhập tay).,,tables:event_log,PLACEHOLDER,Appendix_A4_Algorithm_Specs_K0_K8_Canonical_Aligned_V5_0_2_2025-12-24.md (contract only),Đề cương: Automation ≥80% để scale.,2025-12-27
F-K3-01,avg_order_value_vnd,avg_order_value_vnd,avg_order_value_vnd,K3,vnd,point-in-time,Theo định nghĩa KPI: Giá trị đơn hàng trung bình (VND).,"{""dsl_version"":""1.0"",""expr"":{""op"":""avg"",""source"":{""table"":""event_log""},""field"":""payload.order_value_vnd"",""where"":{""op"":""eq"",""field"":""event_code_canonical"",""value"":""EVT_TRX_ORDER_SIGNED""}}}","tables:job_master | keys:house_id,lead_id,job_id,txn_id",READY_DEMO,Appendix_A4_Algorithm_Specs_K0_K8_Canonical_Aligned_V5_0_2_2025-12-24.md (contract only),DSL_V1_READY_DEMO_15KPI,2025-12-27
F-K3-05,bank_approval_rate,bank_approval_rate,bank_approval_rate,K3,rate,7d,Theo định nghĩa KPI: Tỷ lệ duyệt vay: approved/applications.,,"tables:loan_app | keys:house_id,lead_id,job_id,txn_id",PLACEHOLDER,Appendix_A4_Algorithm_Specs_K0_K8_Canonical_Aligned_V5_0_2_2025-12-24.md (contract only),warn falling,2025-12-27
F-K3-06,bank_approval_time_hours,bank_approval_time_hours,bank_approval_time_hours,K3,hours,point-in-time,Theo định nghĩa KPI: Thời gian duyệt vay trung bình (giờ).,,"tables:loan_app | keys:house_id,lead_id,job_id,txn_id",PLACEHOLDER,Appendix_A4_Algorithm_Specs_K0_K8_Canonical_Aligned_V5_0_2_2025-12-24.md (contract only),warn >120h,2025-12-27
F-K2-10,cancel_rate_post_close,cancel_rate_post_close,cancel_rate_post_close,K2,rate,7d,Theo định nghĩa KPI: Tỷ lệ hủy sau khi đã chốt (close) do chất lượng/tiền/vận hành.,,"tables:job_master | keys:house_id,lead_id,job_id,txn_id",PLACEHOLDER,Appendix_A4_Algorithm_Specs_K0_K8_Canonical_Aligned_V5_0_2_2025-12-24.md (contract only),warn rising,2025-12-27
F-PULSE-CASHIN,cash_in_today_vnd,Cash-in hôm nay (VND),Cash-in today (VND),K4,vnd,1d,Theo định nghĩa KPI: Tổng tiền thu về trong ngày theo EVT_FIN_CASH_COLLECTED (chưa trừ VAT nếu gross nhập đủ VAT).,"{""dsl_version"":""1.0"",""expr"":{""op"":""sum"",""source"":{""table"":""event_log""},""field"":""payload.cash_in_vnd"",""where"":{""op"":""eq"",""field"":""event_code_canonical"",""value"":""EVT_FIN_CASH_COLLECTED""}}}","tables:event_log | events:EVT_FIN_CASH_COLLECTED | keys:txn_id,job_id,house_id,event_id",READY_DEMO,Appendix_A4_Algorithm_Specs_K0_K8_Canonical_Aligned_V5_0_2_2025-12-24.md (contract only),DSL_V1_READY_DEMO_15KPI,2025-12-27
F-K3-03,close_rate,close_rate,close_rate,K3,rate,7d,Theo định nghĩa KPI: Tỷ lệ chốt: số lead thắng / số lead đủ điều kiện chốt.,,"tables:lead_master/job_master | keys:house_id,lead_id,job_id,txn_id",PLACEHOLDER,Appendix_A4_Algorithm_Specs_K0_K8_Canonical_Aligned_V5_0_2_2025-12-24.md (contract only),warn falling,2025-12-27
F-K6-PH-01,complaint_resolution_time_hours,Thời gian xử lý khiếu nại (giờ),Complaint Resolution Time (hours),K6,hours,30d,Theo định nghĩa KPI: Thời gian từ khi mở khiếu nại đến khi đóng (median/avg) theo window.,,"tables:complaint_log | events:EVT_COMPLAINT_OPENED,EVT_COMPLAINT_CLOSED | keys:complaint_id,house_id,event_id",PLACEHOLDER,Appendix_A4_Algorithm_Specs_K0_K8_Canonical_Aligned_V5_0_2_2025-12-24.md (contract only),PLACEHOLDER (threshold registry đang có),2025-12-27
F-K0-03,consent_rate,consent_rate,consent_rate,K6,rate,7d,Theo định nghĩa KPI: Tỷ lệ House_ID đã claimed (đủ điều kiện consent/claim) trên số qualified.,"{""fn"": ""BOARD_METRICS"", ""key"": ""consent_rate""}",tables:event_log | paths:data/event_store/event_log.jsonl | keys:house_id,READY_DEMO,code/ok_computer/utils/board_metrics.py::compute_board_metrics,kill if pending_consent_aging_hours>48 & pii_present,2025-12-27
F-K1-PH-01,cr_qualified_to_survey_rate,Tỷ lệ Qualified → Survey,Qualified-to-Survey Conversion Rate,K1,rate,7d,Theo định nghĩa KPI: Số lead QUALIFIED có survey bắt đầu trong window / tổng lead QUALIFIED trong window.,"{""dsl_version"":""1.0"",""expr"":{""op"":""ratio"",""num"":{""op"":""count_distinct"",""source"":{""table"":""event_log""},""field"":""house_id"",""where"":{""op"":""eq"",""field"":""event_code_canonical"",""value"":""EVT_TRX_SITE_SURVEY_STARTED""}},""den"":{""op"":""count_distinct"",""source"":{""table"":""event_log""},""field"":""house_id"",""where"":{""op"":""eq"",""field"":""event_code_canonical"",""value"":""EVT_VER_HOUSE_QUALIFIED""}}}}","tables:event_log | events:EVT_LEAD_QUALIFIED,EVT_SURVEY_STARTED | keys:house_id,lead_id,event_id",READY_DEMO,Appendix_A4_Algorithm_Specs_K0_K8_Canonical_Aligned_V5_0_2_2025-12-24.md (contract only),PLACEHOLDER (A1 locked edge cần),2025-12-27
F-K0-09,data_fraud_rate,data_fraud_rate,data_fraud_rate,K6,rate,7d,"Theo định nghĩa KPI: Tỷ lệ nghi ngờ gian lận dữ liệu dựa trên heuristics (geo lệch, ảnh mất metadata, manual fallback...).",,"tables:event_log/evidence_pack | keys:house_id,lead_id,job_id,txn_id",PLACEHOLDER,Appendix_A4_Algorithm_Specs_K0_K8_Canonical_Aligned_V5_0_2_2025-12-24.md (contract only),KILL if >threshold,2025-12-27
F-K0-08,dedup_merge_rate,dedup_merge_rate,dedup_merge_rate,K0,rate,7d,Theo định nghĩa KPI: Tỷ lệ gộp/tách/khử trùng House_ID trong kỳ (để đo chất lượng định danh).,,"tables:house_id_canonical_map | keys:house_id,lead_id,job_id,txn_id",PLACEHOLDER,Appendix_A4_Algorithm_Specs_K0_K8_Canonical_Aligned_V5_0_2_2025-12-24.md (contract only),warn if spikes,2025-12-27
F-K3-02,discount_rate,discount_rate,discount_rate,K3,rate,7d,Theo định nghĩa KPI: Tỷ lệ chiết khấu trên tổng giá trị trước chiết khấu.,,"tables:job_master | keys:house_id,lead_id,job_id,txn_id",PLACEHOLDER,Appendix_A4_Algorithm_Specs_K0_K8_Canonical_Aligned_V5_0_2_2025-12-24.md (contract only),(demoted) not in DEMO_15,2025-12-27
F-K0-10,evidence_pass_rate,evidence_pass_rate,evidence_pass_rate,K0,rate,7d,Theo định nghĩa KPI: Tỷ lệ event bắt buộc có Evidence Pack đạt chuẩn (No Evidence–No Pay).,"{""dsl_version"":""1.0"",""expr"":{""op"":""ratio"",""num"":{""op"":""count"",""source"":{""table"":""event_log""},""where"":{""op"":""eq"",""field"":""event_code_canonical"",""value"":""EVT_VER_EVIDENCE_PACK_VALIDATED""}},""den"":{""op"":""count"",""source"":{""table"":""event_log""},""where"":{""op"":""eq"",""field"":""event_code_canonical"",""value"":""EVT_VER_EVIDENCE_PACK_SUBMITTED""}}}}","tables:event_log/evidence_pack | keys:house_id,lead_id,job_id,txn_id",READY_DEMO,Appendix_A4_Algorithm_Specs_K0_K8_Canonical_Aligned_V5_0_2_2025-12-24.md (contract only),DSL_V1_READY_DEMO_15KPI,2025-12-27
F-FIN-INV-06,fin_burn_rate_monthly_vnd,fin_burn_rate_monthly_vnd,fin_burn_rate_monthly_vnd,K8,vnd,30d,Theo định nghĩa KPI: Burn rate tháng (ước tính) = OPEX tháng + CAPEX cash-out trong tháng (nếu có).,,"tables:event_log | events:EVT_FIN_OPEX_INCURRED,EVT_FIN_CAPEX_COMMITTED | keys:pilot_id,commune_id,event_log_id",PLACEHOLDER,Appendix_A4_Algorithm_Specs_K0_K8_Canonical_Aligned_V5_0_2_2025-12-24.md (contract only),[Suy luận] nếu CAPEX chỉ là commit (không cash-out) thì burn dùng OPEX.,2025-12-27
F-FIN-INV-04,fin_capex_committed_cum_vnd,fin_capex_committed_cum_vnd,fin_capex_committed_cum_vnd,K8,vnd,30d,Theo định nghĩa KPI: Tổng CAPEX đã cam kết lũy kế trong pilot.,,"tables:event_log | events:EVT_FIN_CAPEX_COMMITTED | keys:pilot_id,commune_id,event_log_id",PLACEHOLDER,Appendix_A4_Algorithm_Specs_K0_K8_Canonical_Aligned_V5_0_2_2025-12-24.md (contract only),So với CAPEX budget để kiểm soát.,2025-12-27
F-K4-01,fin_dso_days,fin_dso_days,fin_dso_days,K4,days,point-in-time,Theo định nghĩa KPI: Số ngày thu tiền trung bình từ bàn giao đến tiền vào (DSO).,"{""dsl_version"":""1.0"",""expr"":{""op"":""avg_entities_duration_days_between_events"",""source"":{""table"":""event_log""},""entity_field"":""job_id"",""start_event"":""EVT_TRX_HANDOVER_SIGNED"",""end_event"":""EVT_FIN_CASH_COLLECTED"",""end_where"":{""op"":""eq"",""field"":""payload.cash_type"",""value"":""FINAL""}}}","tables:job_master/finance_ledger | keys:house_id,lead_id,job_id,txn_id",READY_DEMO,Appendix_A4_Algorithm_Specs_K0_K8_Canonical_Aligned_V5_0_2_2025-12-24.md (contract only),(demoted) not in DEMO_15,2025-12-27
F-FIN-INV-05,fin_opex_spent_cum_vnd,fin_opex_spent_cum_vnd,fin_opex_spent_cum_vnd,K8,vnd,30d,Theo định nghĩa KPI: Tổng OPEX đã phát sinh lũy kế (vận hành/marketing) trong pilot.,,"tables:event_log | events:EVT_FIN_OPEX_INCURRED | keys:pilot_id,commune_id,event_log_id",PLACEHOLDER,Appendix_A4_Algorithm_Specs_K0_K8_Canonical_Aligned_V5_0_2_2025-12-24.md (contract only),Kill khi vượt OPEX budget cap.,2025-12-27
F-FIN-INV-01,fin_pilot_capex_budget_vnd,fin_pilot_capex_budget_vnd,fin_pilot_capex_budget_vnd,K8,vnd,point-in-time,Theo định nghĩa KPI: Ngân sách CAPEX (chi đầu tư ban đầu) của pilot theo quyết định HO.,,"tables:pilot_config/event_log | events:EVT_FIN_PILOT_BUDGET_SET | keys:pilot_id,commune_id,event_log_id",PLACEHOLDER,Appendix_A4_Algorithm_Specs_K0_K8_Canonical_Aligned_V5_0_2_2025-12-24.md (contract only),CAPEX gồm nền tảng/thiết bị/triển khai pha đầu; Platform có thể 'ẩn' trong CAPEX.,2025-12-27
F-FIN-INV-02,fin_pilot_opex_budget_vnd,fin_pilot_opex_budget_vnd,fin_pilot_opex_budget_vnd,K8,vnd,point-in-time,Theo định nghĩa KPI: Ngân sách OPEX (chi vận hành) của pilot theo quyết định HO.,,"tables:pilot_config/event_log | events:EVT_FIN_PILOT_BUDGET_SET | keys:pilot_id,commune_id,event_log_id",PLACEHOLDER,Appendix_A4_Algorithm_Specs_K0_K8_Canonical_Aligned_V5_0_2_2025-12-24.md (contract only),Dùng để kiểm soát burn; kill khi vượt budget cap (cần chốt cap).,2025-12-27
F-FIN-INV-07,fin_runway_days,fin_runway_days,fin_runway_days,K8,days,point-in-time,Theo định nghĩa KPI: Số ngày runway (còn chạy được) = (cash_balance + buffer) / burn_rate_daily.,,"tables:pilot_config/finance_ledger | events:EVT_FIN_PILOT_BUDGET_SET,EVT_FIN_CASH_COLLECTED | keys:pilot_id,commune_id,txn_id",PLACEHOLDER,Appendix_A4_Algorithm_Specs_K0_K8_Canonical_Aligned_V5_0_2_2025-12-24.md (contract only),[Suy luận] cần có cash_balance_vnd (tổng số dư ví/tiền mặt).,2025-12-27
F-FIN-INV-03,fin_working_capital_buffer_vnd,fin_working_capital_buffer_vnd,fin_working_capital_buffer_vnd,K8,vnd,point-in-time,Theo định nghĩa KPI: Buffer vốn lưu động để tránh gãy payout/thi công khi cash-in lệch nhịp.,,"tables:pilot_config/event_log | events:EVT_FIN_PILOT_BUDGET_SET | keys:pilot_id,commune_id,event_log_id",PLACEHOLDER,Appendix_A4_Algorithm_Specs_K0_K8_Canonical_Aligned_V5_0_2_2025-12-24.md (contract only),[Suy luận] dùng cho runway.,2025-12-27
F-K3-04,financing_penetration,financing_penetration,financing_penetration,K3,rate,point-in-time,Theo định nghĩa KPI: Tỷ lệ job dùng tài chính/vay.,,"tables:loan_app/job_master | keys:house_id,lead_id,job_id,txn_id",PLACEHOLDER,Appendix_A4_Algorithm_Specs_K0_K8_Canonical_Aligned_V5_0_2_2025-12-24.md (contract only),,2025-12-27
F-OPS-01,first_time_right_rate,First-time-right (tỷ lệ),First-time-right rate,K2,rate,rolling_30d,Theo định nghĩa KPI: Tỷ lệ job không làm lại sau nghiệm thu.,"{""dsl_version"":""1.0"",""expr"":{""op"":""rate_entities_without_event"",""source"":{""table"":""event_log""},""entity_key"":""job_id"",""end_event"":""EVT_TRX_HANDOVER_SIGNED"",""bad_event"":""EVT_OPS_REWORK_OPENED""}}","tables:job_master,event_log | events:EVT_OPS_JOB_COMPLETED,EVT_OPS_REWORK_OPENED | keys:job_id,house_id,installer_id",READY_DEMO,Appendix_A4_Algorithm_Specs_K0_K8_Canonical_Aligned_V5_0_2_2025-12-24.md (contract only),DSL_V1_READY_DEMO_15KPI,2025-12-27
F-VAT-00,gross_order_value_vnd,Gross Order Value (VND),Gross order value (VND),K4,vnd,rolling_30d,Theo định nghĩa KPI: Giá trị thu tiền đã gồm VAT (tiền khách trả).,,"tables:event_log,split_engine | events:EVT_FIN_CASH_COLLECTED | keys:txn_id,job_id,house_id",PLACEHOLDER,Appendix_A4_Algorithm_Specs_K0_K8_Canonical_Aligned_V5_0_2_2025-12-24.md (contract only),Chạy sau CASH_COLLECTED theo split_rules. | REMAP from K? (P0.3).,2025-12-27
F-K0-AGE-02,house_age_bucket_coverage_rate,Tỷ lệ House có age_bucket,House age-bucket coverage rate,K0,rate,30d,Theo định nghĩa KPI: Số house_id có age_bucket suy ra / tổng house_id trong scope.,,"tables:house_master | events:EVT_HOUSE_BUILT_YEAR_SET,EVT_HOUSE_LAST_MAJOR_RENOVATION_YEAR_SET | keys:house_id",PLACEHOLDER,Appendix_A4_Algorithm_Specs_K0_K8_Canonical_Aligned_V5_0_2_2025-12-24.md (contract only),NEW (P0-AGE),2025-12-27
F-K0-AGE-01,house_built_year_coverage_rate,Tỷ lệ House có năm xây dựng,House built-year coverage rate,K0,rate,30d,Theo định nghĩa KPI: Số house_id có built_year hợp lệ / tổng house_id trong scope.,"{""dsl_version"":""1.0"",""expr"":{""op"":""ratio"",""num"":{""op"":""count"",""source"":{""table"":""house_master""},""where"":{""op"":""and"",""args"":[{""op"":""exists"",""field"":""house_id""},{""op"":""exists"",""field"":""built_year""}]}},""den"":{""op"":""count"",""source"":{""table"":""house_master""},""where"":{""op"":""exists"",""field"":""house_id""}}}}","tables:house_master,event_log | events:EVT_HOUSE_BUILT_YEAR_SET | keys:house_id,event_id",READY_DEMO,Appendix_A4_Algorithm_Specs_K0_K8_Canonical_Aligned_V5_0_2_2025-12-24.md (contract only),NEW (P0-AGE),2025-12-27
F-K1-05,house_id_match_rate,house_id_match_rate,house_id_match_rate,K0,rate,7d,Theo định nghĩa KPI: Tỷ lệ lead gắn được House_ID (không orphan).,,"tables:lead_master/house_master | keys:house_id,lead_id,job_id,txn_id",PLACEHOLDER,Appendix_A4_Algorithm_Specs_K0_K8_Canonical_Aligned_V5_0_2_2025-12-24.md (contract only),warn < threshold,2025-12-27
F-HR-04,hr_capacity_utilization_rate,hr_capacity_utilization_rate,hr_capacity_utilization_rate,K8,rate,7d,Theo định nghĩa KPI: Tỷ lệ dùng hết công suất = workload / capacity (theo model capacity_json).,,"tables:pilot_config/event_log/lead_master/job_master | events:EVT_ENG_CAPACITY_SET | keys:pilot_id,commune_id,role_code",PLACEHOLDER,Appendix_A4_Algorithm_Specs_K0_K8_Canonical_Aligned_V5_0_2_2025-12-24.md (contract only),[Suy luận] nếu >1.0 kéo dài -> quá tải -> SLA vỡ.,2025-12-27
F-HR-02,hr_field_runner_fte_count,hr_field_runner_fte_count,hr_field_runner_fte_count,K8,count,point-in-time,Theo định nghĩa KPI: Số Field Runner FTE (full-time) tại thực địa.,,"tables:pilot_config/event_log | events:EVT_ENG_ROLE_ASSIGNED,EVT_ENG_ROSTER_CORE_LOCKED | keys:pilot_id,commune_id,user_id",PLACEHOLDER,Appendix_A4_Algorithm_Specs_K0_K8_Canonical_Aligned_V5_0_2_2025-12-24.md (contract only),Pilot tối thiểu 1.,2025-12-27
F-HR-03,hr_ops_clerk_count,hr_ops_clerk_count,hr_ops_clerk_count,K8,count,point-in-time,Theo định nghĩa KPI: Số nhân sự nhập liệu dự phòng/đối soát (Ops Clerk) theo SOP fallback.,,"tables:pilot_config/event_log | events:EVT_ENG_ROLE_ASSIGNED,EVT_ENG_ROSTER_CORE_LOCKED | keys:pilot_id,commune_id,user_id",PLACEHOLDER,Appendix_A4_Algorithm_Specs_K0_K8_Canonical_Aligned_V5_0_2_2025-12-24.md (contract only),Checklist Gate-0 yêu cầu >=2.,2025-12-27
F-HR-01,hr_roster_fill_rate,hr_roster_fill_rate,hr_roster_fill_rate,K8,rate,point-in-time,Theo định nghĩa KPI: Tỷ lệ lấp đầy bộ máy nhân sự core (đủ vị trí bắt buộc / tổng vị trí bắt buộc).,,"tables:pilot_config/event_log | events:EVT_ENG_ROSTER_CORE_LOCKED | keys:pilot_id,commune_id,event_log_id",PLACEHOLDER,Appendix_A4_Algorithm_Specs_K0_K8_Canonical_Aligned_V5_0_2_2025-12-24.md (contract only),Gate-0: nếu <100% thì không Go-Live.,2025-12-27
F-PULSE-JOB-COUNT,job_started_count,Job hôm nay (số lượng bắt đầu),Jobs started count (today),K2,count,1d,Theo định nghĩa KPI: Số job bắt đầu trong ngày (dùng cho Pulse).,"{""dsl_version"":""1.0"",""expr"":{""op"":""count_distinct"",""source"":{""table"":""event_log""},""field"":""job_id"",""where"":{""op"":""eq"",""field"":""event_code_canonical"",""value"":""EVT_TRX_JOB_STARTED""}}}","tables:event_log | events:EVT_TRX_JOB_STARTED | keys:job_id,house_id,event_id",READY_DEMO,Appendix_A4_Algorithm_Specs_K0_K8_Canonical_Aligned_V5_0_2_2025-12-24.md (contract only),DSL_V1_READY_DEMO_15KPI,2025-12-27
F-K3-07,l1_margin_per_job,l1_margin_per_job,l1_margin_per_job,K3,vnd,point-in-time,Theo định nghĩa KPI: Biên L1 trung bình/job (doanh thu lõi trừ chi phí trực tiếp).,,"tables:job_master/cost_master | keys:house_id,lead_id,job_id,txn_id",PLACEHOLDER,Appendix_A4_Algorithm_Specs_K0_K8_Canonical_Aligned_V5_0_2_2025-12-24.md (contract only),warn <0,2025-12-27
F-K3-08,l2_cross_sell_rate,l2_cross_sell_rate,l2_cross_sell_rate,K3,rate,7d,Theo định nghĩa KPI: Tỷ lệ cross-sell L2 trên các House_ID đã golden.,,"tables:job_master/house_master | keys:house_id,lead_id,job_id,txn_id",PLACEHOLDER,Appendix_A4_Algorithm_Specs_K0_K8_Canonical_Aligned_V5_0_2_2025-12-24.md (contract only),,2025-12-27
F-K1-02,lead_citizen_org_rate,lead_citizen_org_rate,lead_citizen_org_rate,K1,rate,7d,Theo định nghĩa KPI: Tỷ lệ lead từ cộng đồng (UST/ANC/CTV/dân).,"{""dsl_version"":""1.0"",""expr"":{""op"":""ratio"",""num"":{""op"":""count"",""source"":{""table"":""event_log""},""where"":{""op"":""and"",""args"":[{""op"":""eq"",""field"":""event_code_canonical"",""value"":""EVT_ENG_LEAD_CREATED""},{""op"":""eq"",""field"":""payload.channel"",""value"":""CITIZEN_ORG""}]}},""den"":{""op"":""count"",""source"":{""table"":""event_log""},""where"":{""op"":""eq"",""field"":""event_code_canonical"",""value"":""EVT_ENG_LEAD_CREATED""}}}}","tables:lead_master | keys:house_id,lead_id,job_id,txn_id",READY_DEMO,Appendix_A4_Algorithm_Specs_K0_K8_Canonical_Aligned_V5_0_2_2025-12-24.md (contract only),,2025-12-27
F-PULSE-LEAD-COUNT,lead_created_count,Lead hôm nay (số lượng),Lead created count (today),K1,count,1d,Theo định nghĩa KPI: Số lead được tạo trong ngày (dùng cho Pulse).,"{""dsl_version"":""1.0"",""expr"":{""op"":""count"",""source"":{""table"":""event_log""},""where"":{""op"":""eq"",""field"":""event_code_canonical"",""value"":""EVT_ENG_LEAD_CREATED""}}}","tables:event_log | events:EVT_ENG_LEAD_CREATED | keys:lead_id,house_id,event_id",READY_DEMO,Appendix_A4_Algorithm_Specs_K0_K8_Canonical_Aligned_V5_0_2_2025-12-24.md (contract only),DSL_V1_READY_DEMO_15KPI,2025-12-27
F-K1-01,lead_platform_rate,lead_platform_rate,lead_platform_rate,K1,rate,7d,Theo định nghĩa KPI: Tỷ lệ lead từ nền tảng/app trên tổng lead.,"{""dsl_version"":""1.0"",""expr"":{""op"":""ratio"",""num"":{""op"":""count"",""source"":{""table"":""event_log""},""where"":{""op"":""and"",""args"":[{""op"":""eq"",""field"":""event_code_canonical"",""value"":""EVT_ENG_LEAD_CREATED""},{""op"":""eq"",""field"":""payload.channel"",""value"":""PLATFORM""}]}},""den"":{""op"":""count"",""source"":{""table"":""event_log""},""where"":{""op"":""eq"",""field"":""event_code_canonical"",""value"":""EVT_ENG_LEAD_CREATED""}}}}","tables:lead_master | keys:house_id,lead_id,job_id,txn_id",READY_DEMO,Appendix_A4_Algorithm_Specs_K0_K8_Canonical_Aligned_V5_0_2_2025-12-24.md (contract only),,2025-12-27
F-K1-03,lead_source_ctv_rate,lead_source_ctv_rate,lead_source_ctv_rate,K1,rate,7d,Theo định nghĩa KPI: Tỷ lệ lead từ CTV/ANC trên tổng lead.,"{""dsl_version"":""1.0"",""expr"":{""op"":""ratio"",""num"":{""op"":""count"",""source"":{""table"":""event_log""},""where"":{""op"":""and"",""args"":[{""op"":""eq"",""field"":""event_code_canonical"",""value"":""EVT_ENG_LEAD_CREATED""},{""op"":""eq"",""field"":""payload.channel"",""value"":""CTV""}]}},""den"":{""op"":""count"",""source"":{""table"":""event_log""},""where"":{""op"":""eq"",""field"":""event_code_canonical"",""value"":""EVT_ENG_LEAD_CREATED""}}}}","tables:lead_master | keys:house_id,lead_id,job_id,txn_id",READY_DEMO,Appendix_A4_Algorithm_Specs_K0_K8_Canonical_Aligned_V5_0_2_2025-12-24.md (contract only),,2025-12-27
F-K1-04,lead_valid_rate,lead_valid_rate,lead_valid_rate,K1,rate,7d,Theo định nghĩa KPI: Tỷ lệ lead hợp lệ (đủ thông tin + đúng quy tắc) trên tổng lead.,"{""dsl_version"":""1.0"",""expr"":{""op"":""ratio"",""num"":{""op"":""count_distinct"",""source"":{""table"":""event_log""},""field"":""house_id"",""where"":{""op"":""eq"",""field"":""event_code_canonical"",""value"":""EVT_VER_HOUSE_QUALIFIED""}},""den"":{""op"":""count_distinct"",""source"":{""table"":""event_log""},""field"":""house_id"",""where"":{""op"":""eq"",""field"":""event_code_canonical"",""value"":""EVT_ENG_LEAD_CREATED""}}}}","tables:lead_master | keys:house_id,lead_id,job_id,txn_id",READY_DEMO,Appendix_A4_Algorithm_Specs_K0_K8_Canonical_Aligned_V5_0_2_2025-12-24.md (contract only),DSL_V1_READY_DEMO_15KPI,2025-12-27
F-K1-08,lost_reason_distribution_json,lost_reason_distribution_json,lost_reason_distribution_json,K1,json,point-in-time,Theo định nghĩa KPI: Phân phối lý do mất lead (dạng JSON).,,"tables:lead_master | keys:house_id,lead_id,job_id,txn_id",PLACEHOLDER,Appendix_A4_Algorithm_Specs_K0_K8_Canonical_Aligned_V5_0_2_2025-12-24.md (contract only),,2025-12-27
F-VAT-01,net_sales_basis_vnd,Doanh thu thuần basis (VND),Net sales basis ex-VAT (VND),K4,vnd,rolling_30d,Theo định nghĩa KPI: Doanh thu thuần (chưa VAT) dùng làm basis để chia tiền.,,"tables:event_log,split_engine | events:EVT_FIN_CASH_COLLECTED | keys:txn_id,job_id,house_id",PLACEHOLDER,Appendix_A4_Algorithm_Specs_K0_K8_Canonical_Aligned_V5_0_2_2025-12-24.md (contract only),Chạy sau CASH_COLLECTED theo split_rules. | REMAP from K? (P0.3).,2025-12-27
F-H2-02,ops_data_latency_hours,ops_data_latency_hours,ops_data_latency_hours,K2,hours,7d,Theo định nghĩa KPI: Độ trễ từ lúc sự kiện xảy ra đến lúc ghi vào hệ thống.,,"tables:event_log | keys:house_id,lead_id,job_id,txn_id",PLACEHOLDER,Appendix_A4_Algorithm_Specs_K0_K8_Canonical_Aligned_V5_0_2_2025-12-24.md (contract only),KILL if widespread >24h,2025-12-27
F-H2-03,ops_fallback_breach_count,ops_fallback_breach_count,ops_fallback_breach_count,K2,count,point-in-time,Theo định nghĩa KPI: Số job/bản ghi fallback vượt quá 24h (breach).,,"tables:event_log | keys:house_id,lead_id,job_id,txn_id",PLACEHOLDER,Appendix_A4_Algorithm_Specs_K0_K8_Canonical_Aligned_V5_0_2_2025-12-24.md (contract only),KILL if >0 (theo gate),2025-12-27
F-H2-01,ops_manual_entry_flag,ops_manual_entry_flag,ops_manual_entry_flag,K2,flag,point-in-time,Theo định nghĩa KPI: Cờ cho biết bản ghi/job được nhập tay (fallback) thay vì qua app.,,"tables:event_log | keys:house_id,lead_id,job_id,txn_id",PLACEHOLDER,Appendix_A4_Algorithm_Specs_K0_K8_Canonical_Aligned_V5_0_2_2025-12-24.md (contract only),warn rising,2025-12-27
F-SLA-ONTIME,ops_sla_ontime_rate,SLA On-time rate (tỷ lệ đúng hạn),SLA on-time rate,K2,rate,7d,Theo định nghĩa KPI: Tỷ lệ job/flow đạt SLA (ước tính = 1 - sla_breach_rate).,"{""dsl_version"":""1.0"",""expr"":{""op"":""rate_entities_duration_lte"",""source"":{""table"":""event_log""},""entity_key"":""job_id"",""start_event"":""EVT_TRX_JOB_STARTED"",""end_event"":""EVT_TRX_HANDOVER_SIGNED"",""threshold_hours"":240}}","tables:derived_metrics | keys:job_id,house_id",READY_DEMO,Appendix_A4_Algorithm_Specs_K0_K8_Canonical_Aligned_V5_0_2_2025-12-24.md (contract only),DSL_V1_READY_DEMO_15KPI,2025-12-27
F-K0-04,pending_consent_aging_hours,pending_consent_aging_hours,pending_consent_aging_hours,K6,hours,point-in-time,Theo định nghĩa KPI: Số giờ chờ từ lúc qualified đến khi claimed/consented (tính cho các house chưa claimed).,"{""fn"": ""BOARD_METRICS"", ""key"": ""pending_consent_aging_hours""}",tables:event_log | paths:data/event_store/event_log.jsonl | keys:house_id,READY_DEMO,code/ok_computer/utils/board_metrics.py::compute_board_metrics,warn >48,2025-12-27
F-K4-02,prepaid_rate,prepaid_rate,prepaid_rate,K4,rate,7d,Theo định nghĩa KPI: Tỷ lệ job có đặt cọc/thu trước trước khi thi công hoặc trước bàn giao.,"{""dsl_version"":""1.0"",""expr"":{""op"":""ratio"",""num"":{""op"":""sum"",""source"":{""table"":""event_log""},""field"":""payload.cash_in_vnd"",""where"":{""op"":""and"",""args"":[{""op"":""eq"",""field"":""event_code_canonical"",""value"":""EVT_FIN_CASH_COLLECTED""},{""op"":""eq"",""field"":""payload.cash_type"",""value"":""DEPOSIT""}]}},""den"":{""op"":""sum"",""source"":{""table"":""event_log""},""field"":""payload.order_value_vnd"",""where"":{""op"":""eq"",""field"":""event_code_canonical"",""value"":""EVT_TRX_ORDER_SIGNED""}}}}","tables:finance_ledger/job_master | keys:house_id,lead_id,job_id,txn_id",READY_DEMO,Appendix_A4_Algorithm_Specs_K0_K8_Canonical_Aligned_V5_0_2_2025-12-24.md (contract only),(demoted) not in DEMO_15,2025-12-27
F-K2-PH-01,quote_in_field_minutes,Thời gian tạo báo giá tại hiện trường (phút),Quote in field time (minutes),K2,minutes,30d,Theo định nghĩa KPI: Thời gian từ survey complete đến quote generated tại hiện trường.,,"tables:event_log | events:EVT_SURVEY_COMPLETED,EVT_QUOTE_GENERATED | keys:job_id,house_id,event_id",PLACEHOLDER,Appendix_A4_Algorithm_Specs_K0_K8_Canonical_Aligned_V5_0_2_2025-12-24.md (contract only),PLACEHOLDER (threshold registry đang có),2025-12-27
F-K1-07,referral_rate,referral_rate,referral_rate,K1,rate,7d,Theo định nghĩa KPI: Tỷ lệ lead đến từ giới thiệu (referral).,"{""dsl_version"":""1.0"",""expr"":{""op"":""ratio"",""num"":{""op"":""count"",""source"":{""table"":""event_log""},""where"":{""op"":""and"",""args"":[{""op"":""eq"",""field"":""event_code_canonical"",""value"":""EVT_ENG_LEAD_CREATED""},{""op"":""eq"",""field"":""payload.channel"",""value"":""REFERRAL""}]}},""den"":{""op"":""count"",""source"":{""table"":""event_log""},""where"":{""op"":""eq"",""field"":""event_code_canonical"",""value"":""EVT_ENG_LEAD_CREATED""}}}}","tables:lead_master | keys:house_id,lead_id,job_id,txn_id",READY_DEMO,Appendix_A4_Algorithm_Specs_K0_K8_Canonical_Aligned_V5_0_2_2025-12-24.md (contract only),,2025-12-27
F-K2-07,rework_rate,rework_rate,rework_rate,K2,rate,7d,Theo định nghĩa KPI: Tỷ lệ làm lại (rework) trên tổng job hoàn thành.,"{""dsl_version"":""1.0"",""expr"":{""op"":""ratio"",""num"":{""op"":""count_distinct"",""source"":{""table"":""event_log""},""field"":""job_id"",""where"":{""op"":""eq"",""field"":""event_code_canonical"",""value"":""EVT_OPS_REWORK_OPENED""}},""den"":{""op"":""count_distinct"",""source"":{""table"":""event_log""},""field"":""job_id"",""where"":{""op"":""eq"",""field"":""event_code_canonical"",""value"":""EVT_TRX_HANDOVER_SIGNED""}}}}","tables:job_master | keys:house_id,lead_id,job_id,txn_id",READY_DEMO,Appendix_A4_Algorithm_Specs_K0_K8_Canonical_Aligned_V5_0_2_2025-12-24.md (contract only),warn rising,2025-12-27
F-H3-03,risk_evidence_score,risk_evidence_score,risk_evidence_score,K6,score,point-in-time,Theo định nghĩa KPI: Điểm chất lượng Evidence Pack (0-100).,,"tables:evidence_pack | keys:house_id,lead_id,job_id,txn_id",PLACEHOLDER,Appendix_A4_Algorithm_Specs_K0_K8_Canonical_Aligned_V5_0_2_2025-12-24.md (contract only),warn < threshold,2025-12-27
F-H3-01,risk_geo_deviation_meters,risk_geo_deviation_meters,risk_geo_deviation_meters,K0,meters,point-in-time,Theo định nghĩa KPI: Độ lệch GPS của tác nhân so với tọa độ House_ID khi tạo bằng chứng.,,"tables:evidence_pack | keys:house_id,lead_id,job_id,txn_id",PLACEHOLDER,Appendix_A4_Algorithm_Specs_K0_K8_Canonical_Aligned_V5_0_2_2025-12-24.md (contract only),warn > threshold,2025-12-27
F-H3-02,risk_img_metadata_valid_flag,risk_img_metadata_valid_flag,risk_img_metadata_valid_flag,K6,flag,point-in-time,Theo định nghĩa KPI: Cờ ảnh có metadata gốc (chống ảnh chỉnh sửa/forward).,,"tables:evidence_pack | keys:house_id,lead_id,job_id,txn_id",PLACEHOLDER,Appendix_A4_Algorithm_Specs_K0_K8_Canonical_Aligned_V5_0_2_2025-12-24.md (contract only),kill if widespread false,2025-12-27
F-SPLIT-06,risk_reserve_wallet_vnd,Ví dự phòng rủi ro (VND),Risk reserve wallet (VND),K6,vnd,rolling_30d,Theo định nghĩa KPI: Phần residual còn lại sau khi trừ COGS/install/network/OS (tính trên basis).,,"tables:event_log,split_engine | events:EVT_FIN_CASH_COLLECTED | keys:txn_id,job_id,house_id",PLACEHOLDER,Appendix_A4_Algorithm_Specs_K0_K8_Canonical_Aligned_V5_0_2_2025-12-24.md (contract only),Chạy sau CASH_COLLECTED theo split_rules.,2025-12-27
F-A1-VDCD-03,roof_polygon_valid_rate,roof_polygon_valid_rate,roof_polygon_valid_rate,K0,rate,7d,Theo định nghĩa KPI: Tỷ lệ House_ID có roof_polygon_geojson hợp lệ (polygon) trên tổng House_ID có drone scan.,,"tables:event_log | events:EVT_DISC_DRONE_SCAN_CREATED | keys:house_id,lead_id,job_id,txn_id",PLACEHOLDER,Appendix_A4_Algorithm_Specs_K0_K8_Canonical_Aligned_V5_0_2_2025-12-24.md (contract only),Dùng cho tính diện tích/công suất; [Suy luận] ngưỡng >=90%.,2025-12-27
F-K0-01,shadow_house_id_coverage,shadow_house_id_coverage,shadow_house_id_coverage,K0,pct,point-in-time,Theo định nghĩa KPI: Độ phủ House_ID (Shadow+ trở lên) trên tổng số hộ ước tính trong vùng.,"{""dsl_version"":""1.0"",""expr"":{""op"":""ratio"",""num"":{""op"":""count_distinct"",""source"":{""table"":""event_log""},""field"":""house_id""},""den"":{""op"":""count_distinct"",""source"":{""table"":""house_master""},""field"":""house_id""}}}","tables:uav_inventory/house_master | keys:house_id,lead_id,job_id,txn_id",READY_DEMO,Appendix_A4_Algorithm_Specs_K0_K8_Canonical_Aligned_V5_0_2_2025-12-24.md (contract only),DSL_V1_READY_DEMO_15KPI,2025-12-27
F-K2-06,sla_breach_rate,sla_breach_rate,sla_breach_rate,K2,rate,7d,Theo định nghĩa KPI: Tỷ lệ vi phạm SLA (trễ hẹn) trên tổng job.,,"tables:job_master | keys:house_id,lead_id,job_id,txn_id",PLACEHOLDER,Appendix_A4_Algorithm_Specs_K0_K8_Canonical_Aligned_V5_0_2_2025-12-24.md (contract only),KILL if spikes,2025-12-27
F-K2-PH-02,sla_kitchen_door_complete_days,SLA hoàn tất cửa bếp (ngày),Kitchen door completion SLA (days),K2,days,30d,Theo định nghĩa KPI: Thời gian từ đo đạc đến hoàn tất lắp đặt cửa bếp.,,"tables:event_log | events:EVT_MEASURE_COMPLETED,EVT_INSTALL_COMPLETED | keys:job_id,house_id,event_id",PLACEHOLDER,Appendix_A4_Algorithm_Specs_K0_K8_Canonical_Aligned_V5_0_2_2025-12-24.md (contract only),PLACEHOLDER (threshold registry đang có),2025-12-27
F-SLA-01,sla_lead_to_survey_hours,SLA Lead→Survey (giờ),SLA Lead to Survey (hours),K2,hours,rolling_7d,Theo định nghĩa KPI: Giờ từ lúc lead hợp lệ (qualified) đến lúc survey/check-in bắt đầu.,"{""dsl_version"":""1.0"",""expr"":{""op"":""avg_entities_duration_hours_between_events"",""source"":{""table"":""event_log""},""entity_field"":""house_id"",""start_event"":""EVT_ENG_LEAD_CREATED"",""end_event"":""EVT_TRX_SITE_SURVEY_STARTED""}}","tables:event_log | events:EVT_LEAD_QUALIFIED,EVT_OPS_SURVEY_STARTED | keys:lead_id,house_id,ust_id",READY_DEMO,Appendix_A4_Algorithm_Specs_K0_K8_Canonical_Aligned_V5_0_2_2025-12-24.md (contract only),Ngưỡng theo đề cương: ≤48h.,2025-12-27
F-SLA-02,sla_survey_to_quote_hours,SLA Survey→Quote (giờ),SLA Survey to Quote (hours),K2,hours,rolling_7d,Theo định nghĩa KPI: Giờ từ lúc survey hoàn tất đến lúc tạo báo giá (CPQ quote).,"{""dsl_version"":""1.0"",""expr"":{""op"":""avg_entities_duration_hours_between_events"",""source"":{""table"":""event_log""},""entity_field"":""job_id"",""start_event"":""EVT_TRX_SITE_SURVEY_COMPLETED"",""end_event"":""EVT_TRX_CPQ_QUOTE_CREATED""}}","tables:event_log | events:EVT_OPS_SURVEY_COMPLETED,EVT_TRX_CPQ_QUOTE_CREATED | keys:job_id,house_id,ust_id",READY_DEMO,Appendix_A4_Algorithm_Specs_K0_K8_Canonical_Aligned_V5_0_2_2025-12-24.md (contract only),Ngưỡng theo đề cương: ≤24h.,2025-12-27
F-K0-06,state_transition_latency_hours,state_transition_latency_hours,state_transition_latency_hours,K0,hours,7d,Theo định nghĩa KPI: Độ trễ trung bình để House_ID chuyển trạng thái (shadow→qualified→claimed→financial→golden).,"{""dsl_version"":""1.0"",""expr"":{""op"":""avg_entities_duration_hours_between_events"",""source"":{""table"":""event_log""},""entity_field"":""house_id"",""start_event"":""EVT_DISC_DRONE_SCAN_CREATED"",""end_event"":""EVT_VER_HOUSE_QUALIFIED""}}","tables:event_log | keys:house_id,lead_id,job_id,txn_id",READY_DEMO,Appendix_A4_Algorithm_Specs_K0_K8_Canonical_Aligned_V5_0_2_2025-12-24.md (contract only),warn if rising,2025-12-27
F-K2-08,stockout_rate,stockout_rate,stockout_rate,K2,rate,7d,Theo định nghĩa KPI: Tỷ lệ job bị ảnh hưởng do thiếu hàng/vật tư.,,"tables:supply_log/job_master | keys:house_id,lead_id,job_id,txn_id",PLACEHOLDER,Appendix_A4_Algorithm_Specs_K0_K8_Canonical_Aligned_V5_0_2_2025-12-24.md (contract only),warn rising,2025-12-27
F-K0-07,stuck_rate_critical,stuck_rate_critical,stuck_rate_critical,K0,rate,7d,Theo định nghĩa KPI: Tỷ lệ House_ID bị kẹt quá ngưỡng ở bất kỳ trạng thái nào.,"{""fn"": ""BOARD_METRICS"", ""key"": ""stuck_rate_critical""}",tables:event_log | paths:data/event_store/event_log.jsonl | keys:house_id,READY_DEMO,code/ok_computer/utils/board_metrics.py::compute_board_metrics,kill if >threshold,2025-12-27
F-K2-09,supply_time_lag_days,supply_time_lag_days,supply_time_lag_days,K2,days,point-in-time,Theo định nghĩa KPI: Độ trễ cấp hàng trung bình (ngày).,,"tables:supply_log | keys:house_id,lead_id,job_id,txn_id",PLACEHOLDER,Appendix_A4_Algorithm_Specs_K0_K8_Canonical_Aligned_V5_0_2_2025-12-24.md (contract only),warn > threshold,2025-12-27
F-SYS-KILL,sys_kill_switch_status,Trạng thái Kill-switch (cầu dao),Kill-switch status,K6,enum,point-in-time,Theo định nghĩa KPI: Trạng thái tổng hợp: SAFE nếu mọi kill-switch metric trong vùng an toàn; TRIGGERED nếu bất kỳ kill-switch metric vào vùng đỏ.,,tables:threshold_registry+metrics | keys:metric_code,PLACEHOLDER,Appendix_A4_Algorithm_Specs_K0_K8_Canonical_Aligned_V5_0_2_2025-12-24.md (contract only),[Suy luận] Metric tổng hợp để HĐQT nhìn 1 phát biết 'cầu dao' có bật không.,2025-12-27
F-K1-06,tcr_trust_conversion_rate,tcr_trust_conversion_rate,tcr_trust_conversion_rate,K1,rate,7d,Theo định nghĩa KPI: Tỷ lệ chuyển lead hợp lệ → job (tính theo cohort để đúng mẫu số).,"{""dsl_version"":""1.0"",""expr"":{""op"":""ratio"",""num"":{""op"":""count_distinct"",""source"":{""table"":""event_log""},""field"":""house_id"",""where"":{""op"":""eq"",""field"":""event_code_canonical"",""value"":""EVT_TRX_ORDER_SIGNED""}},""den"":{""op"":""count_distinct"",""source"":{""table"":""event_log""},""field"":""house_id"",""where"":{""op"":""eq"",""field"":""event_code_canonical"",""value"":""EVT_ENG_LEAD_CREATED""}}}}","tables:lead_master/job_master | keys:house_id,lead_id,job_id,txn_id",READY_DEMO,Appendix_A4_Algorithm_Specs_K0_K8_Canonical_Aligned_V5_0_2_2025-12-24.md (contract only),warn if falling,2025-12-27
F-K0-05,unconsented_pii_risk,unconsented_pii_risk,unconsented_pii_risk,K6,count,point-in-time,Theo định nghĩa KPI: Đếm số House_ID có PII nhưng chưa claimed/consented quá 48h (rủi ro pháp lý).,"{""fn"": ""BOARD_METRICS"", ""key"": ""unconsented_pii_risk""}","tables:consent_risk_log/event_log | paths:data/audit/consent_risk.jsonl,data/event_store/event_log.jsonl | keys:house_id",READY_DEMO,code/ok_computer/utils/board_metrics.py::compute_board_metrics,KILL if >0,2025-12-27
F-K5-PH-01,ust_dau_rate,Tỷ lệ UST hoạt động hằng ngày (DAU),UST Daily Active User Rate,K5,rate,7d,Theo định nghĩa KPI: Tỷ lệ UST có ít nhất 1 phiên thao tác trong ngày / tổng UST on-duty.,,"tables:app_event_log | events:EVT_APP_SESSION_STARTED | keys:ust_id,event_id,session_id",PLACEHOLDER,Appendix_A4_Algorithm_Specs_K0_K8_Canonical_Aligned_V5_0_2_2025-12-24.md (contract only),PLACEHOLDER (cần telemetry K5),2025-12-27
F-K2-01,ust_on_duty_rate,ust_on_duty_rate,ust_on_duty_rate,K2,rate,7d,Theo định nghĩa KPI: Tỷ lệ UST có hoạt động hợp lệ trong rolling 7 ngày / tổng roster.,,"tables:activity_log/user_roster | keys:house_id,lead_id,job_id,txn_id",PLACEHOLDER,Appendix_A4_Algorithm_Specs_K0_K8_Canonical_Aligned_V5_0_2_2025-12-24.md (contract only),warn <1.0 (pilot),2025-12-27
F-K2-02,ust_productivity,ust_productivity,ust_productivity,K2,count/day,point-in-time,Theo định nghĩa KPI: Năng suất UST: số touch/lead tạo ra mỗi ngày (rolling 7 ngày).,,"tables:activity_log | keys:house_id,lead_id,job_id,txn_id",PLACEHOLDER,Appendix_A4_Algorithm_Specs_K0_K8_Canonical_Aligned_V5_0_2_2025-12-24.md (contract only),warn falling,2025-12-27
F-K4-04,ust_working_capital_turnover_days,ust_working_capital_turnover_days,ust_working_capital_turnover_days,K4,days,point-in-time,Theo định nghĩa KPI: Vòng quay vốn lưu động tuyến đầu (UST) theo ngày (proxy).,,"tables:finance_ledger/job_master | keys:house_id,lead_id,job_id,txn_id",PLACEHOLDER,Appendix_A4_Algorithm_Specs_K0_K8_Canonical_Aligned_V5_0_2_2025-12-24.md (contract only),warn rising,2025-12-27
F-K4-03,vam_payout_latency_hours,vam_payout_latency_hours,vam_payout_latency_hours,K4,hours,7d,Theo định nghĩa KPI: Độ trễ chi thưởng VAM từ event hợp lệ đến lúc payout (giờ).,"{""dsl_version"":""1.0"",""expr"":{""op"":""avg_entities_duration_hours_between_events"",""source"":{""table"":""event_log""},""entity_field"":""job_id"",""start_event"":""EVT_FIN_CASH_COLLECTED"",""end_event"":""EVT_FIN_PAYOUT_SENT"",""start_where"":{""op"":""eq"",""field"":""payload.cash_type"",""value"":""FINAL""}}}","tables:finance_ledger/event_log | keys:house_id,lead_id,job_id,txn_id",READY_DEMO,Appendix_A4_Algorithm_Specs_K0_K8_Canonical_Aligned_V5_0_2_2025-12-24.md (contract only),(demoted) not in DEMO_15,2025-12-27
F-VAT-03,vat_goods_vnd,VAT hàng hóa (VND),Goods VAT (VND),K3,vnd,rolling_30d,Theo định nghĩa KPI: VAT của phần hàng hóa (10%).,,"tables:event_log,split_engine | events:EVT_FIN_CASH_COLLECTED | keys:txn_id,job_id,house_id",PLACEHOLDER,Appendix_A4_Algorithm_Specs_K0_K8_Canonical_Aligned_V5_0_2_2025-12-24.md (contract only),Chạy sau CASH_COLLECTED theo split_rules.,2025-12-27
F-VAT-04,vat_install_vnd,VAT lắp đặt (VND),Install VAT (VND),K3,vnd,rolling_30d,Theo định nghĩa KPI: VAT của phần lắp đặt (8%).,,"tables:event_log,split_engine | events:EVT_FIN_CASH_COLLECTED | keys:txn_id,job_id,house_id",PLACEHOLDER,Appendix_A4_Algorithm_Specs_K0_K8_Canonical_Aligned_V5_0_2_2025-12-24.md (contract only),Chạy sau CASH_COLLECTED theo split_rules.,2025-12-27
F-VAT-02,vat_total_vnd,VAT Total (VND),VAT total (VND),K3,vnd,rolling_30d,Theo định nghĩa KPI: Tổng VAT phải nộp = VAT hàng hóa 10% + VAT lắp đặt 8% theo install_pct.,,"tables:event_log,split_engine | events:EVT_FIN_CASH_COLLECTED | keys:txn_id,job_id,house_id",PLACEHOLDER,Appendix_A4_Algorithm_Specs_K0_K8_Canonical_Aligned_V5_0_2_2025-12-24.md (contract only),Chạy sau CASH_COLLECTED theo split_rules.,2025-12-27
F-A1-VDCD-01,vdcd_pack_completion_rate,vdcd_pack_completion_rate,vdcd_pack_completion_rate,K0,rate,7d,Tỷ lệ House_ID đã có gói dữ liệu khảo sát (pack created/published) trên tổng House_ID đã có sự kiện scan/import.,"{""dsl_version"":""1.0"",""expr"":{""op"":""ratio"",""num"":{""op"":""count_distinct"",""source"":{""table"":""event_log""},""field"":""house_id"",""where"":{""op"":""in"",""field"":""event_code_canonical"",""value"":[""EVT_DISC_VDCD_PACK_CREATED"",""EVT_DISC_VDCD_API_PUBLISHED""]}},""den"":{""op"":""count_distinct"",""source"":{""table"":""event_log""},""field"":""house_id"",""where"":{""op"":""in"",""field"":""event_code_canonical"",""value"":[""EVT_DISC_DRONE_SCAN_CREATED"",""EVT_DISC_LEGACY_IMPORT_CREATED""]}}}}","tables:event_log/vdcd_pack | events:EVT_DISC_VDCD_PACK_CREATED,EVT_DISC_DRONE_SCAN_CREATED,EVT_DISC_LEGACY_IMPORT_CREATED | keys:house_id,lead_id,job_id,txn_id",READY_DEMO,Appendix_A4_Algorithm_Specs_K0_K8_Canonical_Aligned_V5_0_2_2025-12-24.md (contract only),ALIAS (backward compatibility). Canonical metric_code: survey_pack_completion_rate. lint:vdcd_prefix_forbidden (P0-02).,2025-12-27
F-A1-VDCD-02,vdcd_qa_pass_rate,vdcd_qa_pass_rate,vdcd_qa_pass_rate,K0,rate,7d,Theo định nghĩa KPI: Tỷ lệ gói VDCD QA pass trên tổng gói VDCD được tạo trong kỳ.,,"tables:event_log/vdcd_pack | events:EVT_VER_VDCD_QA_PASSED,EVT_DISC_VDCD_PACK_CREATED | keys:house_id,lead_id,job_id,txn_id",PLACEHOLDER,Appendix_A4_Algorithm_Specs_K0_K8_Canonical_Aligned_V5_0_2_2025-12-24.md (contract only),Nếu QA fail diện rộng -> dữ liệu sai -> risk; [Suy luận] kill khi <95%.,2025-12-27
F-K0-02,verified_house_id_count,verified_house_id_count,verified_house_id_count,K0,count,point-in-time,Theo định nghĩa KPI: Số House_ID đạt trạng thái qualified (đủ điều kiện) trong kỳ.,"{""dsl_version"":""1.0"",""expr"":{""op"":""count_distinct"",""source"":{""table"":""event_log""},""field"":""house_id"",""where"":{""op"":""eq"",""field"":""event_code_canonical"",""value"":""EVT_VER_HOUSE_QUALIFIED""}}}","tables:event_log/house_master | keys:house_id,lead_id,job_id,txn_id",READY_DEMO,Appendix_A4_Algorithm_Specs_K0_K8_Canonical_Aligned_V5_0_2_2025-12-24.md (contract only),DSL_V1_READY_DEMO_15KPI,2025-12-27
F-SYS-PH-01,war_room_decision_time_minutes,Thời gian ra quyết định War-room (phút),War-room decision time (minutes),K6,minutes,90d,Theo định nghĩa KPI: Thời gian từ khi trigger RED đến khi quyết định hành động được log.,,"tables:incident_log | events:EVT_KILL_SWITCH_TRIGGERED,EVT_WARROOM_DECISION_LOGGED | keys:incident_id,event_id",PLACEHOLDER,Appendix_A4_Algorithm_Specs_K0_K8_Canonical_Aligned_V5_0_2_2025-12-24.md (contract only),PLACEHOLDER (incident SLA),2025-12-27
F-K7-PH-01,product_gate_reject_rate,Tỷ lệ Product Gate reject,Product Gate reject rate,K7,rate,7d,Theo định nghĩa KPI: Tỷ lệ hạng mục/đơn bị Product Gate từ chối do thiếu tiêu chuẩn sản phẩm (spec chưa đạt).,,"tables:product_gate_log | events:EVT_PG_CHECK_FAILED,EVT_PG_CHECK_PASSED | keys:job_id,house_id,event_id",PLACEHOLDER,Appendix_A4_Algorithm_Specs_K0_K8_Canonical_Aligned_V5_0_2_2025-12-24.md (contract only),PLACEHOLDER (chưa có event/nguồn trong pilot hiện tại).,2025-12-27
F-K7-PH-02,product_gate_cycle_time_hours,Thời gian vòng đời Product Gate (giờ),Product Gate cycle time (hours),K7,hours,30d,Theo định nghĩa KPI: Thời gian từ lúc submit kiểm định Product Gate đến lúc pass/reject cuối cùng.,,"tables:product_gate_log | events:EVT_PG_SUBMITTED,EVT_PG_CHECK_FAILED,EVT_PG_CHECK_PASSED | keys:job_id,house_id,event_id",PLACEHOLDER,Appendix_A4_Algorithm_Specs_K0_K8_Canonical_Aligned_V5_0_2_2025-12-24.md (contract only),PLACEHOLDER.,2025-12-27
F-K7-PH-03,product_defect_rate_post_handover,Tỷ lệ lỗi sản phẩm sau bàn giao,Post-handover product defect rate,K7,rate,30d,Theo định nghĩa KPI: Tỷ lệ job phát sinh lỗi sản phẩm trong window sau khi bàn giao (warranty/defect).,,"tables:warranty_log/complaint_log | events:EVT_WARRANTY_OPENED,EVT_WARRANTY_CLOSED | keys:job_id,house_id,complaint_id,event_id",PLACEHOLDER,Appendix_A4_Algorithm_Specs_K0_K8_Canonical_Aligned_V5_0_2_2025-12-24.md (contract only),PLACEHOLDER; nếu vượt ngưỡng có thể nâng lên KILL-SWITCH ở pha scale.,2025-12-27
F-A1-SURVEY-01,survey_pack_completion_rate,Tỷ lệ House_ID có gói dữ liệu khảo sát,Survey pack completion rate,K0,rate,7d,Tỷ lệ House_ID đã có gói dữ liệu khảo sát (pack created/published) trên tổng House_ID đã có sự kiện scan/import.,"{""dsl_version"":""1.0"",""expr"":{""op"":""ratio"",""num"":{""op"":""count_distinct"",""source"":{""table"":""event_log""},""field"":""house_id"",""where"":{""op"":""in"",""field"":""event_code_canonical"",""value"":[""EVT_DISC_VDCD_PACK_CREATED"",""EVT_DISC_VDCD_API_PUBLISHED""]}},""den"":{""op"":""count_distinct"",""source"":{""table"":""event_log""},""field"":""house_id"",""where"":{""op"":""in"",""field"":""event_code_canonical"",""value"":[""EVT_DISC_DRONE_SCAN_CREATED"",""EVT_DISC_LEGACY_IMPORT_CREATED""]}}}}","tables:event_log/vdcd_pack | events:EVT_DISC_VDCD_PACK_CREATED,EVT_DISC_DRONE_SCAN_CREATED,EVT_DISC_LEGACY_IMPORT_CREATED | keys:house_id,lead_id,job_id,txn_id",READY_DEMO,Appendix_A4_Algorithm_Specs_K0_K8_Canonical_Aligned_V5_0_2_2025-12-24.md (contract only),Provider-neutral canonical. Source events vẫn là EVT_DISC_VDCD_* ở pha pilot; vendor chỉ nằm ở provider_code/provider_raw. Alias: vdcd_pack_completion_rate -> survey_pack_completion_rate.,2025-12-27
