﻿term_code,en,vi,definition_en,definition_vi,unit,example,source
adg_pro,adg_pro,ADG Pro - đội/xưởng thợ địa phương,,Vai trò trong hệ thống.,role,,events.yaml:spec.roles
adgpro_active_count,adgpro_active_count,Số ADG Pro có job/thi công trong kỳ,,Số ADG Pro có job/thi công trong kỳ.,count,K2 / unit=count,metrics.csv
adgpro_pass_rate,adgpro_pass_rate,Tỷ lệ job của ADG Pro đạt nghiệm thu chuẩn ngay lần đầu,,Tỷ lệ job của ADG Pro đạt nghiệm thu chuẩn ngay lần đầu.,rate,K2 / unit=rate,metrics.csv
adgpro_wallet_share,adgpro_wallet_share,Tỷ trọng thu nhập từ ADG trong tổng thu nhập thợ (nếu không có tổng thu nhập thì dùng proxy theo job-share),,Tỷ trọng thu nhập từ ADG trong tổng thu nhập thợ (nếu không có tổng thu nhập thì dùng proxy theo job-share).,rate,K2 / unit=rate,metrics.csv
anc_active_nodes,anc_active_nodes,Số ANC/CTV đang phát sinh lead trong kỳ,,Số ANC/CTV đang phát sinh lead trong kỳ.,count,K2 / unit=count,metrics.csv
append-only,Append-only,"Chỉ ghi thêm, không sửa lịch sử",,Không chỉnh sửa bản ghi đã sinh; mọi thay đổi được ghi thêm như một bản ghi mới để audit.,,Event log là append-only.,base_terms
automation_rate,Automation rate,Automation Rate (tỷ lệ tự động hóa),,% tác vụ chuẩn chạy qua workflow (không nhập tay).,rate,K5 / unit=rate,metrics.csv
avg_order_value_vnd,avg_order_value_vnd,Giá trị đơn hàng trung bình (VND),,Giá trị đơn hàng trung bình (VND).,vnd,K3 / unit=vnd,metrics.csv
bank_approval_rate,bank_approval_rate,Tỷ lệ duyệt vay: approved/applications,,Tỷ lệ duyệt vay: approved/applications.,rate,K3 / unit=rate,metrics.csv
bank_approval_time_hours,bank_approval_time_hours,Thời gian duyệt vay trung bình (giờ),,Thời gian duyệt vay trung bình (giờ).,hours,K3 / unit=hours,metrics.csv
cancel_rate_post_close,cancel_rate_post_close,Tỷ lệ hủy sau khi đã chốt (close) do chất lượng/tiền/vận hành,,Tỷ lệ hủy sau khi đã chốt (close) do chất lượng/tiền/vận hành.,rate,K2 / unit=rate,metrics.csv
cash_in_today_vnd,Cash-in today (VND),Cash-in hôm nay (VND),,Tổng tiền thu về trong ngày theo EVT_FIN_CASH_COLLECTED (chưa trừ VAT nếu gross nhập đủ VAT).,vnd,K4 / unit=vnd,metrics.csv
citizen,citizen,Dân/Chủ nhà,,Vai trò trong hệ thống.,role,,events.yaml:spec.roles
CLAIMED,CLAIMED,CLAIMED (Đã claim) – đã có người/đơn vị nhận xử lý,,Trạng thái vòng đời House_ID.,state,,events.yaml:spec.canonical_states
close_rate,close_rate,Tỷ lệ chốt: số lead thắng / số lead đủ điều kiện chốt,,Tỷ lệ chốt: số lead thắng / số lead đủ điều kiện chốt.,rate,K3 / unit=rate,metrics.csv
commander,commander,Chỉ huy (HO),,Vai trò trong hệ thống.,role,,events.yaml:spec.roles
complaint_resolution_time_hours,Complaint Resolution Time (hours),Thời gian xử lý khiếu nại (giờ),,Thời gian từ khi mở khiếu nại đến khi đóng (median/avg) theo window.,hours,K6 / unit=hours,metrics.csv
consent,Consent,Đồng ý cho phép lưu PII,,Sự đồng ý của chủ thể dữ liệu cho phép thu thập/lưu/ xử lý PII.,,EVT_VER_CONSENT_OTP_VERIFIED,base_terms
consent_rate,consent_rate,Tỷ lệ House_ID đã claimed (đủ điều kiện consent/claim) trên số qualified,,Tỷ lệ House_ID đã claimed (đủ điều kiện consent/claim) trên số qualified.,rate,K6 / unit=rate,metrics.csv
cr_qualified_to_survey_rate,Qualified-to-Survey Conversion Rate,Tỷ lệ Qualified → Survey,,Số lead QUALIFIED có survey bắt đầu trong window / tổng lead QUALIFIED trong window.,rate,K1 / unit=rate,metrics.csv
ctv,ctv,CTV - cộng tác viên,,Vai trò trong hệ thống.,role,,events.yaml:spec.roles
data_fraud_rate,data_fraud_rate,"Tỷ lệ nghi ngờ gian lận dữ liệu dựa trên heuristics (geo lệch, ảnh mất metadata, manual fallback",,"Tỷ lệ nghi ngờ gian lận dữ liệu dựa trên heuristics (geo lệch, ảnh mất metadata, manual fallback...).",rate,K6 / unit=rate,metrics.csv
data_lead,data_lead,Data Lead (HO),,Vai trò trong hệ thống.,role,,events.yaml:spec.roles
dedup_merge_rate,dedup_merge_rate,Tỷ lệ gộp/tách/khử trùng House_ID trong kỳ (để đo chất lượng định danh),,Tỷ lệ gộp/tách/khử trùng House_ID trong kỳ (để đo chất lượng định danh).,rate,K0 / unit=rate,metrics.csv
discount_rate,discount_rate,Tỷ lệ chiết khấu trên tổng giá trị trước chiết khấu,,Tỷ lệ chiết khấu trên tổng giá trị trước chiết khấu.,rate,K3 / unit=rate,metrics.csv
drone,drone,Drone/UAV - bay quét,,Vai trò trong hệ thống.,role,,events.yaml:spec.roles
epc_adg,epc_adg,EPC ADG - lực lượng tập đoàn pha đầu,,Vai trò trong hệ thống.,role,,events.yaml:spec.roles
EV_ACTOR,EV_ACTOR,Định danh người làm (actor_id + role),,Bằng chứng nhóm 'basic'.,evidence,,events.yaml:spec.evidence_catalog
EV_BEFORE_AFTER,EV_BEFORE_AFTER,Ảnh trước-sau thi công + EXIF + geo,,Bằng chứng nhóm 'transaction'.,evidence,,events.yaml:spec.evidence_catalog
EV_CONSENT_OTP,EV_CONSENT_OTP,OTP/ConsentID + version mẫu consent + timestamp,,Bằng chứng nhóm 'consent'.,evidence,,events.yaml:spec.evidence_catalog
EV_DOC_SIGN,EV_DOC_SIGN,Biên bản/Chữ ký số hoặc ký tay chụp lại,,Bằng chứng nhóm 'transaction'.,evidence,,events.yaml:spec.evidence_catalog
EV_GEO,EV_GEO,Tọa độ (geo_point) + geofence_match,,Bằng chứng nhóm 'basic'.,evidence,,events.yaml:spec.evidence_catalog
EV_LINK,EV_LINK,Gắn đúng khóa (house_id/lead_id/job_id),,Bằng chứng nhóm 'basic'.,evidence,,events.yaml:spec.evidence_catalog
EV_PHOTO_EXIF,EV_PHOTO_EXIF,Ảnh có EXIF gốc + hash ảnh,,Bằng chứng nhóm 'basic'.,evidence,,events.yaml:spec.evidence_catalog
EV_QA_CHECKLIST,EV_QA_CHECKLIST,Checklist QA + người duyệt,,Bằng chứng nhóm 'transaction'.,evidence,,events.yaml:spec.evidence_catalog
EV_RECONCILE,EV_RECONCILE,Đối soát ledger (reconcile_id),,Bằng chứng nhóm 'financial'.,evidence,,events.yaml:spec.evidence_catalog
EV_TIME,EV_TIME,Dấu thời gian (event_at + ingested_at),,Bằng chứng nhóm 'basic'.,evidence,,events.yaml:spec.evidence_catalog
EV_TXN_PROOF,EV_TXN_PROOF,Chứng từ/mã giao dịch (bank/cash),,Bằng chứng nhóm 'financial'.,evidence,,events.yaml:spec.evidence_catalog
event,Event,Sự kiện,,"Một bản ghi chuẩn hoá mô tả việc đã xảy ra (ai, khi nào, ở đâu, tác động gì).",,EVT_VER_ID_VERIFIED,base_terms
evidence_pass_rate,evidence_pass_rate,Tỷ lệ event bắt buộc có Evidence Pack đạt chuẩn (No Evidence–No Pay),,Tỷ lệ event bắt buộc có Evidence Pack đạt chuẩn (No Evidence–No Pay).,rate,K0 / unit=rate,metrics.csv
EVT_DISC_CLUSTER_ASSIGNED,EVT_DISC_CLUSTER_ASSIGNED,Gán nhà vào cụm địa lý (cluster) để mô phỏng lan truyền,,"Bắt buộc: house_id. Bằng chứng: EV_TIME, EV_ACTOR, EV_LINK.",event,"required=['house_id'] evidence=['EV_TIME', 'EV_ACTOR', 'EV_LINK']",events.yaml
EVT_DISC_DRONE_SCAN_CREATED,EVT_DISC_DRONE_SCAN_CREATED,Drone tạo bản quét mái/nhà,,"Bắt buộc: house_id. Bằng chứng: EV_TIME, EV_ACTOR, EV_GEO, EV_PHOTO_EXIF, EV_LINK. Tác động trạng thái: None → SHADOW.",event,"required=['house_id'] evidence=['EV_TIME', 'EV_ACTOR', 'EV_GEO', 'EV_PHOTO_EXIF', 'EV_LINK']",events.yaml
EVT_DISC_LEGACY_IMPORT_CREATED,EVT_DISC_LEGACY_IMPORT_CREATED,Import dữ liệu cũ (legacy) vào House_ID,,"Bắt buộc: house_id. Bằng chứng: EV_TIME, EV_ACTOR, EV_LINK. Tác động trạng thái: None → SHADOW.",event,"required=['house_id'] evidence=['EV_TIME', 'EV_ACTOR', 'EV_LINK']",events.yaml
EVT_DISC_VDCD_API_PUBLISHED,EVT_DISC_VDCD_API_PUBLISHED,Publish API/GeoJSON cho gói VDCD,,"Bắt buộc: house_id. Bằng chứng: EV_TIME, EV_ACTOR, EV_LINK. Tác động trạng thái: SHADOW → SHADOW.",event,"required=['house_id'] evidence=['EV_TIME', 'EV_ACTOR', 'EV_LINK']",events.yaml
EVT_DISC_VDCD_PACK_CREATED,EVT_DISC_VDCD_PACK_CREATED,Tạo gói VDCD House_ID (2D/3D/GeoJSON/API) cho nhà,,"Bắt buộc: house_id. Bằng chứng: EV_TIME, EV_ACTOR, EV_LINK, EV_QA_CHECKLIST. Tác động trạng thái: SHADOW → SHADOW.",event,"required=['house_id'] evidence=['EV_TIME', 'EV_ACTOR', 'EV_LINK', 'EV_QA_CHECKLIST']",events.yaml
EVT_ENG_ADGPRO_CHECKIN,EVT_ENG_ADGPRO_CHECKIN,ADG Pro check-in khảo sát/thi công tại nhà,,"Bắt buộc: house_id. Bằng chứng: EV_TIME, EV_ACTOR, EV_GEO, EV_PHOTO_EXIF, EV_LINK.",event,"required=['house_id'] evidence=['EV_TIME', 'EV_ACTOR', 'EV_GEO', 'EV_PHOTO_EXIF', 'EV_LINK']",events.yaml
EVT_ENG_CAPACITY_SET,EVT_ENG_CAPACITY_SET,Chốt năng lực chịu tải theo vai trò (capacity),,"Bắt buộc: pilot_id, commune_id. Bằng chứng: EV_TIME, EV_ACTOR, EV_LINK.",event,"required=['pilot_id', 'commune_id'] evidence=['EV_TIME', 'EV_ACTOR', 'EV_LINK']",events.yaml
EVT_ENG_FREE_SERVICE_GRANTED,EVT_ENG_FREE_SERVICE_GRANTED,Cấp dịch vụ miễn phí (quà tặng) cho dân/chính quyền,,"Bắt buộc: house_id. Bằng chứng: EV_TIME, EV_ACTOR, EV_LINK.",event,"required=['house_id'] evidence=['EV_TIME', 'EV_ACTOR', 'EV_LINK']",events.yaml
EVT_ENG_LEAD_CREATED,EVT_ENG_LEAD_CREATED,Tạo lead (nhu cầu) gắn House_ID nếu có,,"Bắt buộc: lead_id. Bằng chứng: EV_TIME, EV_ACTOR, EV_LINK.",event,"required=['lead_id'] evidence=['EV_TIME', 'EV_ACTOR', 'EV_LINK']",events.yaml
EVT_ENG_NEIGHBOR_INFLUENCE_EMITTED,EVT_ENG_NEIGHBOR_INFLUENCE_EMITTED,Hệ thống phát tín hiệu lan truyền sang hàng xóm sau khi có job thành công,,"Bắt buộc: house_id. Bằng chứng: EV_TIME, EV_ACTOR, EV_LINK.",event,"required=['house_id'] evidence=['EV_TIME', 'EV_ACTOR', 'EV_LINK']",events.yaml
EVT_ENG_REFERRAL_CREATED,EVT_ENG_REFERRAL_CREATED,Tạo referral/giới thiệu (người giới thiệu đem lead về),,"Bắt buộc: lead_id. Bằng chứng: EV_TIME, EV_ACTOR, EV_LINK.",event,"required=['lead_id'] evidence=['EV_TIME', 'EV_ACTOR', 'EV_LINK']",events.yaml
EVT_ENG_ROLE_ASSIGNED,EVT_ENG_ROLE_ASSIGNED,Gán vai trò cho user nội bộ (không PII),,"Bắt buộc: pilot_id, commune_id, user_id. Bằng chứng: EV_TIME, EV_ACTOR, EV_LINK.",event,"required=['pilot_id', 'commune_id', 'user_id'] evidence=['EV_TIME', 'EV_ACTOR', 'EV_LINK']",events.yaml
EVT_ENG_ROSTER_CORE_LOCKED,EVT_ENG_ROSTER_CORE_LOCKED,Khóa roster core team (Field Runner/UST/ADG Pro/EPC/Clerk),,"Bắt buộc: pilot_id, commune_id. Bằng chứng: EV_TIME, EV_ACTOR, EV_LINK.",event,"required=['pilot_id', 'commune_id'] evidence=['EV_TIME', 'EV_ACTOR', 'EV_LINK']",events.yaml
EVT_ENG_UST_CHECKIN,EVT_ENG_UST_CHECKIN,UST check-in tại nhà (tiếp cận),,"Bắt buộc: house_id. Bằng chứng: EV_TIME, EV_ACTOR, EV_GEO, EV_PHOTO_EXIF, EV_LINK.",event,"required=['house_id'] evidence=['EV_TIME', 'EV_ACTOR', 'EV_GEO', 'EV_PHOTO_EXIF', 'EV_LINK']",events.yaml
EVT_FIN_CAPEX_COMMITTED,EVT_FIN_CAPEX_COMMITTED,Ghi nhận cam kết CAPEX (thiết bị/nền tảng/đầu tư ban đầu),,"Bắt buộc: pilot_id, commune_id. Bằng chứng: EV_TIME, EV_ACTOR, EV_DOC_SIGN.",event,"required=['pilot_id', 'commune_id'] evidence=['EV_TIME', 'EV_ACTOR', 'EV_DOC_SIGN']",events.yaml
EVT_FIN_CASH_COLLECTED,EVT_FIN_CASH_COLLECTED,Thu tiền (tiền thật đã về) – kích hoạt split engine,,"Bắt buộc: job_id, house_id, txn_id. Bằng chứng: EV_TIME, EV_ACTOR, EV_LINK, EV_TXN_PROOF. Tác động trạng thái: CLAIMED → FINANCIAL.",event,"required=['job_id', 'house_id', 'txn_id'] evidence=['EV_TIME', 'EV_ACTOR', 'EV_LINK', 'EV_TXN_PROOF']",events.yaml
EVT_FIN_INVOICE_ISSUED,EVT_FIN_INVOICE_ISSUED,Phát hành hóa đơn VAT (Invoice issued),,"Bắt buộc: job_id, house_id, invoice_id. Bằng chứng: EV_TIME, EV_ACTOR, EV_LINK, EV_TXN_PROOF.",event,"required=['job_id', 'house_id', 'invoice_id'] evidence=['EV_TIME', 'EV_ACTOR', 'EV_LINK', 'EV_TXN_PROOF']",events.yaml
EVT_FIN_OPEX_INCURRED,EVT_FIN_OPEX_INCURRED,Ghi nhận OPEX (chi phí vận hành/marketing) phát sinh,,"Bắt buộc: pilot_id, commune_id. Bằng chứng: EV_TIME, EV_ACTOR, EV_TXN_PROOF.",event,"required=['pilot_id', 'commune_id'] evidence=['EV_TIME', 'EV_ACTOR', 'EV_TXN_PROOF']",events.yaml
EVT_FIN_PAYOUT_SENT,EVT_FIN_PAYOUT_SENT,Chi trả thưởng/chi phí ra ví (payout sent),,"Bắt buộc: payout_id, txn_id. Bằng chứng: EV_TIME, EV_ACTOR, EV_LINK, EV_TXN_PROOF.",event,"required=['payout_id', 'txn_id'] evidence=['EV_TIME', 'EV_ACTOR', 'EV_LINK', 'EV_TXN_PROOF']",events.yaml
EVT_FIN_PILOT_BUDGET_SET,EVT_FIN_PILOT_BUDGET_SET,Chốt ngân sách pilot (CAPEX/OPEX/Buffer),,"Bắt buộc: pilot_id, commune_id. Bằng chứng: EV_TIME, EV_ACTOR, EV_DOC_SIGN.",event,"required=['pilot_id', 'commune_id'] evidence=['EV_TIME', 'EV_ACTOR', 'EV_DOC_SIGN']",events.yaml
EVT_FIN_RECONCILED,EVT_FIN_RECONCILED,Đối soát ledger (reconciled) – khóa sổ,,"Bắt buộc: reconcile_id, txn_id. Bằng chứng: EV_TIME, EV_ACTOR, EV_LINK, EV_RECONCILE.",event,"required=['reconcile_id', 'txn_id'] evidence=['EV_TIME', 'EV_ACTOR', 'EV_LINK', 'EV_RECONCILE']",events.yaml
EVT_FIN_SPLIT_ALLOCATED,EVT_FIN_SPLIT_ALLOCATED,Hệ thống tạo bảng phân bổ (allocation) theo split rule,,"Bắt buộc: job_id, txn_id. Bằng chứng: EV_TIME, EV_ACTOR, EV_LINK.",event,"required=['job_id', 'txn_id'] evidence=['EV_TIME', 'EV_ACTOR', 'EV_LINK']",events.yaml
EVT_FIN_VAT_REMITTED,EVT_FIN_VAT_REMITTED,Nộp VAT (VAT remitted) vào ngân sách,,"Bắt buộc: vat_payment_id. Bằng chứng: EV_TIME, EV_ACTOR, EV_TXN_PROOF, EV_RECONCILE.",event,"required=['vat_payment_id'] evidence=['EV_TIME', 'EV_ACTOR', 'EV_TXN_PROOF', 'EV_RECONCILE']",events.yaml
EVT_HOUSE_BUILT_YEAR_SET,EVT_HOUSE_BUILT_YEAR_SET,Ghi nhận năm xây dựng nhà (built_year),,"Bắt buộc: house_id. Bằng chứng: EV_TIME, EV_ACTOR, EV_LINK. Tác động trạng thái: None → None.",event,"required=['house_id'] evidence=['EV_TIME', 'EV_ACTOR', 'EV_LINK']",events.yaml
EVT_HOUSE_EXPECTED_COMPLETION_SET,EVT_HOUSE_EXPECTED_COMPLETION_SET,Ghi nhận ngày dự kiến hoàn thiện (nhà đang xây),,"Bắt buộc: house_id. Bằng chứng: EV_TIME, EV_ACTOR, EV_LINK. Tác động trạng thái: None → None.",event,"required=['house_id'] evidence=['EV_TIME', 'EV_ACTOR', 'EV_LINK']",events.yaml
EVT_HOUSE_LAST_MAJOR_RENOVATION_YEAR_SET,EVT_HOUSE_LAST_MAJOR_RENOVATION_YEAR_SET,Ghi nhận năm cải tạo lớn gần nhất,,"Bắt buộc: house_id. Bằng chứng: EV_TIME, EV_ACTOR, EV_LINK. Tác động trạng thái: None → None.",event,"required=['house_id'] evidence=['EV_TIME', 'EV_ACTOR', 'EV_LINK']",events.yaml
EVT_HOUSE_TAG_ADDED,EVT_HOUSE_TAG_ADDED,Thêm tag cho House_ID,,"Bắt buộc: house_id. Bằng chứng: EV_TIME, EV_ACTOR. Tác động trạng thái: None → None.",event,"required=['house_id'] evidence=['EV_TIME', 'EV_ACTOR']",events.yaml
EVT_OPS_REWORK_OPENED,EVT_OPS_REWORK_OPENED,Mở việc làm lại (Rework Opened),,"Bắt buộc: job_id, house_id, commune_id, product_code. Bằng chứng: photo_issue, geo_checkin.",event,"required=['job_id', 'house_id', 'commune_id', 'product_code'] evidence=['photo_issue', 'geo_checkin']",events.yaml
EVT_TRX_CPQ_QUOTE_CREATED,EVT_TRX_CPQ_QUOTE_CREATED,Tạo báo giá CPQ (Configure-Price-Quote | cấu hình-giá-báo giá),,"Bắt buộc: job_id, house_id. Bằng chứng: EV_TIME, EV_ACTOR, EV_LINK.",event,"required=['job_id', 'house_id'] evidence=['EV_TIME', 'EV_ACTOR', 'EV_LINK']",events.yaml
EVT_TRX_HANDOVER_SIGNED,EVT_TRX_HANDOVER_SIGNED,Bàn giao/ nghiệm thu ký,,"Bắt buộc: job_id, house_id. Bằng chứng: EV_TIME, EV_ACTOR, EV_LINK, EV_DOC_SIGN, EV_BEFORE_AFTER.",event,"required=['job_id', 'house_id'] evidence=['EV_TIME', 'EV_ACTOR', 'EV_LINK', 'EV_DOC_SIGN', 'EV_BEFORE_AFTER']",events.yaml
EVT_TRX_INSTALL_COMPLETED,EVT_TRX_INSTALL_COMPLETED,Hoàn tất lắp đặt,,"Bắt buộc: job_id, house_id. Bằng chứng: EV_TIME, EV_ACTOR, EV_GEO, EV_BEFORE_AFTER, EV_LINK.",event,"required=['job_id', 'house_id'] evidence=['EV_TIME', 'EV_ACTOR', 'EV_GEO', 'EV_BEFORE_AFTER', 'EV_LINK']",events.yaml
EVT_TRX_JOB_STARTED,EVT_TRX_JOB_STARTED,Bắt đầu thi công,,"Bắt buộc: job_id, house_id. Bằng chứng: EV_TIME, EV_ACTOR, EV_GEO, EV_PHOTO_EXIF, EV_LINK.",event,"required=['job_id', 'house_id'] evidence=['EV_TIME', 'EV_ACTOR', 'EV_GEO', 'EV_PHOTO_EXIF', 'EV_LINK']",events.yaml
EVT_TRX_ORDER_SIGNED,EVT_TRX_ORDER_SIGNED,Chốt hợp đồng/đơn hàng (ký),,"Bắt buộc: job_id, house_id. Bằng chứng: EV_TIME, EV_ACTOR, EV_LINK, EV_DOC_SIGN.",event,"required=['job_id', 'house_id'] evidence=['EV_TIME', 'EV_ACTOR', 'EV_LINK', 'EV_DOC_SIGN']",events.yaml
EVT_TRX_QA_PASSED,EVT_TRX_QA_PASSED,QA đạt (kiểm tra chất lượng qua checklist),,"Bắt buộc: job_id, house_id. Bằng chứng: EV_TIME, EV_ACTOR, EV_LINK, EV_QA_CHECKLIST.",event,"required=['job_id', 'house_id'] evidence=['EV_TIME', 'EV_ACTOR', 'EV_LINK', 'EV_QA_CHECKLIST']",events.yaml
EVT_TRX_SITE_SURVEY_COMPLETED,EVT_TRX_SITE_SURVEY_COMPLETED,"Khảo sát hoàn tất (đo đạc, tính toán) – chuẩn bị báo giá",,"Bắt buộc: job_id, house_id. Bằng chứng: EV_TIME, EV_ACTOR, EV_GEO, EV_LINK, EV_PHOTO_EXIF.",event,"required=['job_id', 'house_id'] evidence=['EV_TIME', 'EV_ACTOR', 'EV_GEO', 'EV_LINK', 'EV_PHOTO_EXIF']",events.yaml
EVT_TRX_SITE_SURVEY_STARTED,EVT_TRX_SITE_SURVEY_STARTED,Bắt đầu khảo sát tại nhà (Survey Started),,"Bắt buộc: house_id, lead_id, commune_id, product_code. Bằng chứng: geo_checkin, photo_site.",event,"required=['house_id', 'lead_id', 'commune_id', 'product_code'] evidence=['geo_checkin', 'photo_site']",events.yaml
EVT_VER_CONSENT_OTP_VERIFIED,EVT_VER_CONSENT_OTP_VERIFIED,Consent được xác nhận (OTP verified) – cho phép lưu PII,,"Bắt buộc: house_id. Bằng chứng: EV_TIME, EV_ACTOR, EV_LINK, EV_CONSENT_OTP. Tác động trạng thái: QUALIFIED → CLAIMED.",event,"required=['house_id'] evidence=['EV_TIME', 'EV_ACTOR', 'EV_LINK', 'EV_CONSENT_OTP']",events.yaml
EVT_VER_CONSENT_REQUESTED,EVT_VER_CONSENT_REQUESTED,Gửi yêu cầu consent (đồng ý) tới chủ nhà,,"Bắt buộc: house_id. Bằng chứng: EV_TIME, EV_ACTOR, EV_LINK.",event,"required=['house_id'] evidence=['EV_TIME', 'EV_ACTOR', 'EV_LINK']",events.yaml
EVT_VER_CONSENT_REVOKED,EVT_VER_CONSENT_REVOKED,Chủ nhà rút consent (revoked) – kích hoạt policy xóa/ẩn PII,,"Bắt buộc: house_id. Bằng chứng: EV_TIME, EV_ACTOR, EV_LINK. Tác động trạng thái: CLAIMED → QUALIFIED.",event,"required=['house_id'] evidence=['EV_TIME', 'EV_ACTOR', 'EV_LINK']",events.yaml
EVT_VER_EVIDENCE_PACK_SUBMITTED,EVT_VER_EVIDENCE_PACK_SUBMITTED,Nộp evidence pack (bộ bằng chứng số) cho một bước nghiệp vụ,,"Bắt buộc: house_id. Bằng chứng: EV_TIME, EV_ACTOR, EV_LINK, EV_PHOTO_EXIF.",event,"required=['house_id'] evidence=['EV_TIME', 'EV_ACTOR', 'EV_LINK', 'EV_PHOTO_EXIF']",events.yaml
EVT_VER_EVIDENCE_PACK_VALIDATED,EVT_VER_EVIDENCE_PACK_VALIDATED,"Hệ thống chấm evidence pack (pass/fail, score)",,"Bắt buộc: house_id. Bằng chứng: EV_TIME, EV_ACTOR, EV_LINK.",event,"required=['house_id'] evidence=['EV_TIME', 'EV_ACTOR', 'EV_LINK']",events.yaml
EVT_VER_HOUSE_QUALIFIED,EVT_VER_HOUSE_QUALIFIED,Nhà được qualify (đủ điều kiện bước đầu) bởi UST/Runner,,"Bắt buộc: house_id. Bằng chứng: EV_TIME, EV_ACTOR, EV_LINK. Tác động trạng thái: SHADOW → QUALIFIED.",event,"required=['house_id'] evidence=['EV_TIME', 'EV_ACTOR', 'EV_LINK']",events.yaml
EVT_VER_VDCD_QA_PASSED,EVT_VER_VDCD_QA_PASSED,QA gói VDCD đạt (pass) cho nhà,,"Bắt buộc: house_id. Bằng chứng: EV_TIME, EV_ACTOR, EV_LINK, EV_QA_CHECKLIST. Tác động trạng thái: SHADOW → SHADOW.",event,"required=['house_id'] evidence=['EV_TIME', 'EV_ACTOR', 'EV_LINK', 'EV_QA_CHECKLIST']",events.yaml
field_runner,field_runner,Field Runner (OS),,Vai trò trong hệ thống.,role,,events.yaml:spec.roles
fin_burn_rate_monthly_vnd,fin_burn_rate_monthly_vnd,Burn rate tháng (ước tính) = OPEX tháng + CAPEX cash-out trong tháng (nếu có),,Burn rate tháng (ước tính) = OPEX tháng + CAPEX cash-out trong tháng (nếu có).,vnd,K8 / unit=vnd,metrics.csv
fin_capex_committed_cum_vnd,fin_capex_committed_cum_vnd,Tổng CAPEX đã cam kết lũy kế trong pilot,,Tổng CAPEX đã cam kết lũy kế trong pilot.,vnd,K8 / unit=vnd,metrics.csv
fin_dso_days,fin_dso_days,Số ngày thu tiền trung bình từ bàn giao đến tiền vào (DSO),,Số ngày thu tiền trung bình từ bàn giao đến tiền vào (DSO).,days,K4 / unit=days,metrics.csv
fin_opex_spent_cum_vnd,fin_opex_spent_cum_vnd,Tổng OPEX đã phát sinh lũy kế (vận hành/marketing) trong pilot,,Tổng OPEX đã phát sinh lũy kế (vận hành/marketing) trong pilot.,vnd,K8 / unit=vnd,metrics.csv
fin_pilot_capex_budget_vnd,fin_pilot_capex_budget_vnd,Ngân sách CAPEX (chi đầu tư ban đầu) của pilot theo quyết định HO,,Ngân sách CAPEX (chi đầu tư ban đầu) của pilot theo quyết định HO.,vnd,K8 / unit=vnd,metrics.csv
fin_pilot_opex_budget_vnd,fin_pilot_opex_budget_vnd,Ngân sách OPEX (chi vận hành) của pilot theo quyết định HO,,Ngân sách OPEX (chi vận hành) của pilot theo quyết định HO.,vnd,K8 / unit=vnd,metrics.csv
fin_runway_days,fin_runway_days,Số ngày runway (còn chạy được) = (cash_balance + buffer) / burn_rate_daily,,Số ngày runway (còn chạy được) = (cash_balance + buffer) / burn_rate_daily.,days,K8 / unit=days,metrics.csv
fin_working_capital_buffer_vnd,fin_working_capital_buffer_vnd,Buffer vốn lưu động để tránh gãy payout/thi công khi cash-in lệch nhịp,,Buffer vốn lưu động để tránh gãy payout/thi công khi cash-in lệch nhịp.,vnd,K8 / unit=vnd,metrics.csv
finance_controller,finance_controller,Finance Controller (HO),,Vai trò trong hệ thống.,role,,events.yaml:spec.roles
FINANCIAL,FINANCIAL,FINANCIAL (Tài chính) – có giao dịch/đối soát,,Trạng thái vòng đời House_ID.,state,,events.yaml:spec.canonical_states
financing_penetration,financing_penetration,Tỷ lệ job dùng tài chính/vay,,Tỷ lệ job dùng tài chính/vay.,rate,K3 / unit=rate,metrics.csv
first_time_right_rate,First-time-right rate,First-time-right (tỷ lệ),,Tỷ lệ job không làm lại sau nghiệm thu.,rate,K2 / unit=rate,metrics.csv
FTR,First-Time-Right,Làm đúng ngay lần đầu,,"Tỷ lệ công việc đạt chuẩn nghiệm thu ngay lần đầu, không cần làm lại.",,adgpro_pass_rate,base_terms
gate_0,gate_0,Cổng kiểm gate_0,,Danh sách điều kiện bắt buộc trước khi đi tiếp.,gate,,gate_matrix.yaml
gate_0::Age coverage (tuổi nhà),Age coverage (tuổi nhà),Age coverage (tuổi nhà),,Thiếu tuổi nhà => không được chốt thiết kế/đề xuất cross-sell theo vòng đời.,,,gate_matrix.yaml:items
gate_0::Consent & PII (đồng ý & dữ liệu nhạy cảm),Consent & PII (đồng ý & dữ liệu nhạy cảm),Consent & PII (đồng ý & dữ liệu nhạy cảm),,No consent: không lưu PII; aging>48h: ép xin consent hoặc xóa.,,,gate_matrix.yaml:items
gate_0::Evidence No Pay (bằng chứng),Evidence No Pay (bằng chứng),Evidence No Pay (bằng chứng),,"Bad/no evidence => quarantine/reject, không payout.",,,gate_matrix.yaml:items
gate_0::Finance safety (đốt tiền & runway),Finance safety (đốt tiền & runway),Finance safety (đốt tiền & runway),,Runway<60d hoặc DSO>7 => Hard Stop.,,,gate_matrix.yaml:items
gate_0::HR/Capacity (chịu tải),HR/Capacity (chịu tải),HR/Capacity (chịu tải),,Thiếu roster => không Go-Live.,,,gate_matrix.yaml:items
gate_0::Ops & SLA tối thiểu,Ops & SLA tối thiểu,Ops & SLA tối thiểu,,"SLA vỡ => throttle lead, tăng EPC dẫn đường.",,,gate_matrix.yaml:items
gate_0::Định danh House_ID sạch (Data spine),Định danh House_ID sạch (Data spine),Định danh House_ID sạch (Data spine),,"Nếu coverage thấp: dừng mở rộng, fix ingest/dedup.",,,gate_matrix.yaml:items
gate_1,gate_1,Cổng kiểm gate_1,,Danh sách điều kiện bắt buộc trước khi đi tiếp.,gate,,gate_matrix.yaml
gate_1::Adoption (K5 placeholder),Adoption (K5 placeholder),Adoption (K5 placeholder),,UST không bám app => dữ liệu drift; bắt buộc training + chứng cứ upload.,,,gate_matrix.yaml:items
gate_1::Data & Fraud (an toàn),Data & Fraud (an toàn),Data & Fraud (an toàn),,"Fraud spike => kill-switch, quarantine toàn bộ job liên quan.",,,gate_matrix.yaml:items
gate_1::Job thật (ops loop),Job thật (ops loop),Job thật (ops loop),,Rework tăng => audit thợ + chuẩn hóa quy trình.,,,gate_matrix.yaml:items
gate_1::Network thật (UST/ANC/ADGPro),Network thật (UST/ANC/ADGPro),Network thật (UST/ANC/ADGPro),,Payout chậm => network rơi; fix payout cadence.,,,gate_matrix.yaml:items
gate_1::Tiền thật (cash loop),Tiền thật (cash loop),Tiền thật (cash loop),,Nếu DSO xấu: siết điều khoản/thu trước/giảm rủi ro.,,,gate_matrix.yaml:items
gate_1_5,gate_1_5,Cổng kiểm gate_1_5,,Danh sách điều kiện bắt buộc trước khi đi tiếp.,gate,,gate_matrix.yaml
gate_1_5::Scale-ready (nhân bản),Scale-ready (nhân bản),Scale-ready (nhân bản),,PLACEHOLDER: khóa sau khi có 2 xã chạy ổn.,,,gate_matrix.yaml:items
GOLDEN,GOLDEN,GOLDEN (Vàng) – hồ sơ sạch + khai thác dài hạn,,Trạng thái vòng đời House_ID.,state,,events.yaml:spec.canonical_states
gross_order_value_vnd,Gross order value (VND),Gross Order Value (VND),,Giá trị thu tiền đã gồm VAT (tiền khách trả).,vnd,K4 / unit=vnd,metrics.csv
house_age_bucket_coverage_rate,House age-bucket coverage rate,Tỷ lệ House có age_bucket,,Số house_id có age_bucket suy ra / tổng house_id trong scope.,rate,K0 / unit=rate,metrics.csv
house_built_year_coverage_rate,House built-year coverage rate,Tỷ lệ House có năm xây dựng,,Số house_id có built_year hợp lệ / tổng house_id trong scope.,rate,K0 / unit=rate,metrics.csv
house_id_match_rate,house_id_match_rate,Tỷ lệ lead gắn được House_ID (không orphan),,Tỷ lệ lead gắn được House_ID (không orphan).,rate,K0 / unit=rate,metrics.csv
hr_capacity_utilization_rate,hr_capacity_utilization_rate,Tỷ lệ dùng hết công suất = workload / capacity (theo model capacity_json),,Tỷ lệ dùng hết công suất = workload / capacity (theo model capacity_json).,rate,K8 / unit=rate,metrics.csv
hr_field_runner_fte_count,hr_field_runner_fte_count,Số Field Runner FTE (full-time) tại thực địa,,Số Field Runner FTE (full-time) tại thực địa.,count,K8 / unit=count,metrics.csv
hr_ops_clerk_count,hr_ops_clerk_count,Số nhân sự nhập liệu dự phòng/đối soát (Ops Clerk) theo SOP fallback,,Số nhân sự nhập liệu dự phòng/đối soát (Ops Clerk) theo SOP fallback.,count,K8 / unit=count,metrics.csv
hr_roster_fill_rate,hr_roster_fill_rate,Tỷ lệ lấp đầy bộ máy nhân sự core (đủ vị trí bắt buộc / tổng vị trí bắt buộc),,Tỷ lệ lấp đầy bộ máy nhân sự core (đủ vị trí bắt buộc / tổng vị trí bắt buộc).,rate,K8 / unit=rate,metrics.csv
ingest,Ingest,Nạp dữ liệu,,Đưa dữ liệu đầu vào (CSV/JSONL) vào event store theo quy tắc registry.,,ingest_events.py,base_terms
job_started_count,Jobs started count (today),Job hôm nay (số lượng bắt đầu),,Số job bắt đầu trong ngày (dùng cho Pulse).,count,K2 / unit=count,metrics.csv
kill-switch,Kill switch,Cầu dao ngắt,,Cơ chế ngắt/throttle hệ thống khi vượt ngưỡng rủi ro để tránh thiệt hại lan rộng.,,unconsented_pii_risk > 0 ⇒ HARD STOP.,base_terms
l1_margin_per_job,l1_margin_per_job,Biên L1 trung bình/job (doanh thu lõi trừ chi phí trực tiếp),,Biên L1 trung bình/job (doanh thu lõi trừ chi phí trực tiếp).,vnd,K3 / unit=vnd,metrics.csv
l2_cross_sell_rate,l2_cross_sell_rate,Tỷ lệ cross-sell L2 trên các House_ID đã golden,,Tỷ lệ cross-sell L2 trên các House_ID đã golden.,rate,K3 / unit=rate,metrics.csv
lead_citizen_org_rate,lead_citizen_org_rate,Tỷ lệ lead từ cộng đồng (UST/ANC/CTV/dân),,Tỷ lệ lead từ cộng đồng (UST/ANC/CTV/dân).,rate,K1 / unit=rate,metrics.csv
lead_created_count,Lead created count (today),Lead hôm nay (số lượng),,Số lead được tạo trong ngày (dùng cho Pulse).,count,K1 / unit=count,metrics.csv
lead_platform_rate,lead_platform_rate,Tỷ lệ lead từ nền tảng/app trên tổng lead,,Tỷ lệ lead từ nền tảng/app trên tổng lead.,rate,K1 / unit=rate,metrics.csv
lead_source_ctv_rate,lead_source_ctv_rate,Tỷ lệ lead từ CTV/ANC trên tổng lead,,Tỷ lệ lead từ CTV/ANC trên tổng lead.,rate,K1 / unit=rate,metrics.csv
lead_valid_rate,lead_valid_rate,Tỷ lệ lead hợp lệ (đủ thông tin + đúng quy tắc) trên tổng lead,,Tỷ lệ lead hợp lệ (đủ thông tin + đúng quy tắc) trên tổng lead.,rate,K1 / unit=rate,metrics.csv
lost_reason_distribution_json,lost_reason_distribution_json,Phân phối lý do mất lead (dạng JSON),,Phân phối lý do mất lead (dạng JSON).,json,K1 / unit=json,metrics.csv
net_sales_basis_vnd,Net sales basis ex-VAT (VND),Doanh thu thuần basis (VND),,Doanh thu thuần (chưa VAT) dùng làm basis để chia tiền.,vnd,K4 / unit=vnd,metrics.csv
ops_data_latency_hours,ops_data_latency_hours,Độ trễ từ lúc sự kiện xảy ra đến lúc ghi vào hệ thống,,Độ trễ từ lúc sự kiện xảy ra đến lúc ghi vào hệ thống.,hours,K2 / unit=hours,metrics.csv
ops_fallback_breach_count,ops_fallback_breach_count,Số job/bản ghi fallback vượt quá 24h (breach),,Số job/bản ghi fallback vượt quá 24h (breach).,count,K2 / unit=count,metrics.csv
ops_manual_entry_flag,ops_manual_entry_flag,Cờ cho biết bản ghi/job được nhập tay (fallback) thay vì qua app,,Cờ cho biết bản ghi/job được nhập tay (fallback) thay vì qua app.,flag,K2 / unit=flag,metrics.csv
ops_sla_ontime_rate,SLA on-time rate,SLA On-time rate (tỷ lệ đúng hạn),,Tỷ lệ job/flow đạt SLA (ước tính = 1 - sla_breach_rate).,rate,K2 / unit=rate,metrics.csv
pending_consent_aging_hours,pending_consent_aging_hours,Số giờ chờ từ lúc qualified đến khi claimed/consented (tính cho các house chưa claimed),,Số giờ chờ từ lúc qualified đến khi claimed/consented (tính cho các house chưa claimed).,hours,K6 / unit=hours,metrics.csv
PII,Personally Identifiable Information,Thông tin định danh cá nhân,,"Dữ liệu có thể xác định một cá nhân (số điện thoại, CCCD, địa chỉ cụ thể...).",,"phone, id_number",base_terms
preflight,Preflight check,Tiền kiểm,,Kiểm tra dữ liệu trước khi nạp vào hệ (schema/required fields/consistency).,,Chạy preflight cho A7_events_evt_star.,base_terms
prepaid_rate,prepaid_rate,Tỷ lệ job có đặt cọc/thu trước trước khi thi công hoặc trước bàn giao,,Tỷ lệ job có đặt cọc/thu trước trước khi thi công hoặc trước bàn giao.,rate,K4 / unit=rate,metrics.csv
product_defect_rate_post_handover,Post-handover product defect rate,Tỷ lệ lỗi sản phẩm sau bàn giao,,Tỷ lệ job phát sinh lỗi sản phẩm trong window sau khi bàn giao (warranty/defect).,rate,K7 / unit=rate,metrics.csv
product_gate_cycle_time_hours,Product Gate cycle time (hours),Thời gian vòng đời Product Gate (giờ),,Thời gian từ lúc submit kiểm định Product Gate đến lúc pass/reject cuối cùng.,hours,K7 / unit=hours,metrics.csv
product_gate_reject_rate,Product Gate reject rate,Tỷ lệ Product Gate reject,,Tỷ lệ hạng mục/đơn bị Product Gate từ chối do thiếu tiêu chuẩn sản phẩm (spec chưa đạt).,rate,K7 / unit=rate,metrics.csv
QUALIFIED,QUALIFIED,QUALIFIED (Đủ điều kiện) – đã xác minh cơ bản,,Trạng thái vòng đời House_ID.,state,,events.yaml:spec.canonical_states
quarantine,Quarantine,Cách ly dữ liệu lỗi,,Tập hợp record bị chặn do sai quy tắc; cần sửa hoặc xử lý theo policy.,,Invalid phone format; Missing consent.,base_terms
quote_in_field_minutes,Quote in field time (minutes),Thời gian tạo báo giá tại hiện trường (phút),,Thời gian từ survey complete đến quote generated tại hiện trường.,minutes,K2 / unit=minutes,metrics.csv
referral_rate,referral_rate,Tỷ lệ lead đến từ giới thiệu (referral),,Tỷ lệ lead đến từ giới thiệu (referral).,rate,K1 / unit=rate,metrics.csv
rework_rate,rework_rate,Tỷ lệ làm lại (rework) trên tổng job hoàn thành,,Tỷ lệ làm lại (rework) trên tổng job hoàn thành.,rate,K2 / unit=rate,metrics.csv
risk_evidence_score,risk_evidence_score,Điểm chất lượng Evidence Pack (0-100),,Điểm chất lượng Evidence Pack (0-100).,score,K6 / unit=score,metrics.csv
risk_geo_deviation_meters,risk_geo_deviation_meters,Độ lệch GPS của tác nhân so với tọa độ House_ID khi tạo bằng chứng,,Độ lệch GPS của tác nhân so với tọa độ House_ID khi tạo bằng chứng.,meters,K0 / unit=meters,metrics.csv
risk_img_metadata_valid_flag,risk_img_metadata_valid_flag,Cờ ảnh có metadata gốc (chống ảnh chỉnh sửa/forward),,Cờ ảnh có metadata gốc (chống ảnh chỉnh sửa/forward).,flag,K6 / unit=flag,metrics.csv
risk_reserve_wallet_vnd,Risk reserve wallet (VND),Ví dự phòng rủi ro (VND),,Phần residual còn lại sau khi trừ COGS/install/network/OS (tính trên basis).,vnd,K6 / unit=vnd,metrics.csv
roof_polygon_valid_rate,roof_polygon_valid_rate,Tỷ lệ House_ID có roof_polygon_geojson hợp lệ (polygon) trên tổng House_ID có drone scan,,Tỷ lệ House_ID có roof_polygon_geojson hợp lệ (polygon) trên tổng House_ID có drone scan.,rate,K0 / unit=rate,metrics.csv
SHADOW,SHADOW,SHADOW (Bóng) – có nhà nhưng chưa đủ điều kiện,,Trạng thái vòng đời House_ID.,state,,events.yaml:spec.canonical_states
shadow_house_id_coverage,shadow_house_id_coverage,Độ phủ House_ID (Shadow+ trở lên) trên tổng số hộ ước tính trong vùng,,Độ phủ House_ID (Shadow+ trở lên) trên tổng số hộ ước tính trong vùng.,pct,K0 / unit=pct,metrics.csv
SLA,Service Level Agreement,Cam kết mức dịch vụ,,Cam kết về thời gian/chất lượng xử lý; vi phạm SLA thì phạt hoặc phải làm lại.,,SLA install ≤ 7 ngày,base_terms
sla_breach_rate,sla_breach_rate,Tỷ lệ vi phạm SLA (trễ hẹn) trên tổng job,,Tỷ lệ vi phạm SLA (trễ hẹn) trên tổng job.,rate,K2 / unit=rate,metrics.csv
sla_kitchen_door_complete_days,Kitchen door completion SLA (days),SLA hoàn tất cửa bếp (ngày),,Thời gian từ đo đạc đến hoàn tất lắp đặt cửa bếp.,days,K2 / unit=days,metrics.csv
sla_lead_to_survey_hours,SLA Lead to Survey (hours),SLA Lead→Survey (giờ),,Giờ từ lúc lead hợp lệ (qualified) đến lúc survey/check-in bắt đầu.,hours,K2 / unit=hours,metrics.csv
sla_survey_to_quote_hours,SLA Survey to Quote (hours),SLA Survey→Quote (giờ),,Giờ từ lúc survey hoàn tất đến lúc tạo báo giá (CPQ quote).,hours,K2 / unit=hours,metrics.csv
SSOT,Single Source of Truth,Nguồn chuẩn duy nhất,,Một nguồn dữ liệu/định nghĩa được coi là chuẩn để toàn hệ thống dùng chung; tránh 2 hệ quy chiếu.,,Registry (metrics/events/thresholds) là SSOT.,base_terms
state_transition_latency_hours,state_transition_latency_hours,Độ trễ trung bình để House_ID chuyển trạng thái (shadow→qualified→claimed→financial→golden),,Độ trễ trung bình để House_ID chuyển trạng thái (shadow→qualified→claimed→financial→golden).,hours,K0 / unit=hours,metrics.csv
stockout_rate,stockout_rate,Tỷ lệ job bị ảnh hưởng do thiếu hàng/vật tư,,Tỷ lệ job bị ảnh hưởng do thiếu hàng/vật tư.,rate,K2 / unit=rate,metrics.csv
stuck_rate_critical,stuck_rate_critical,Tỷ lệ House_ID bị kẹt quá ngưỡng ở bất kỳ trạng thái nào,,Tỷ lệ House_ID bị kẹt quá ngưỡng ở bất kỳ trạng thái nào.,rate,K0 / unit=rate,metrics.csv
supply_time_lag_days,supply_time_lag_days,Độ trễ cấp hàng trung bình (ngày),,Độ trễ cấp hàng trung bình (ngày).,days,K2 / unit=days,metrics.csv
sys_kill_switch_status,Kill-switch status,Trạng thái Kill-switch (cầu dao),,Trạng thái tổng hợp: SAFE nếu mọi kill-switch metric trong vùng an toàn; TRIGGERED nếu bất kỳ kill-switch metric vào vùng đỏ.,enum,K6 / unit=enum,metrics.csv
system,system,Hệ thống (tự sinh event),,Vai trò trong hệ thống.,role,,events.yaml:spec.roles
tcr_trust_conversion_rate,tcr_trust_conversion_rate,Tỷ lệ chuyển lead hợp lệ → job (tính theo cohort để đúng mẫu số),,Tỷ lệ chuyển lead hợp lệ → job (tính theo cohort để đúng mẫu số).,rate,K1 / unit=rate,metrics.csv
threshold::complaint_resolution_time_hours,Threshold for complaint_resolution_time_hours,Ngưỡng cảnh báo cho complaint_resolution_time_hours,,PROVISIONAL: complaint aging kéo dài là rủi ro xã hội/gov. Review theo baseline.,hours,"[{'tier': 'TIER_1_WARNING', 'condition': {'op': '>', 'value': 72, 'inclusive': True}, 'response_time': '15m', 'action_time': '1h', 'action_tier': 1}, {'tier': 'TIER_2_THROTTLE', 'condition': {'op': '>",thresholds.yaml
threshold::consent_rate,Threshold for consent_rate,Ngưỡng cảnh báo cho consent_rate,,PROVISIONAL: đặt ngưỡng khởi tạo để tránh drift consent. Review sau baseline 14 ngày.,rate,"[{'tier': 'TIER_1_WARNING', 'condition': {'op': '<', 'value': 0.9, 'inclusive': True}, 'response_time': '15m', 'action_time': '1h', 'action_tier': 1}, {'tier': 'TIER_2_THROTTLE', 'condition': {'op': '",thresholds.yaml
threshold::data_fraud_rate,Threshold for data_fraud_rate,Ngưỡng cảnh báo cho data_fraud_rate,,PROVISIONAL: đặt ngưỡng chống gian lận; cần calibrate theo baseline.,rate,"[{'tier': 'TIER_1_WARNING', 'condition': {'op': '>', 'value': 0.02, 'inclusive': True}, 'response_time': '15m', 'action_time': '1h', 'action_tier': 1}, {'tier': 'TIER_2_THROTTLE', 'condition': {'op': ",thresholds.yaml
threshold::evidence_pass_rate,Threshold for evidence_pass_rate,Ngưỡng cảnh báo cho evidence_pass_rate,,CANONICAL (PA2). Nếu giảm mạnh → nguy cơ bằng chứng giả/thiếu. Review theo product/commune.,rate,"[{'tier': 'TIER_1_WARNING', 'condition': {'op': '<', 'value': 0.95, 'inclusive': True}, 'response_time': '15m', 'action_time': '1h', 'action_tier': 1}, {'tier': 'TIER_2_THROTTLE', 'condition': {'op': ",thresholds.yaml
threshold::fin_dso_days,Threshold for fin_dso_days,Ngưỡng cảnh báo cho fin_dso_days,,PROVISIONAL: cần calibrate theo chính sách thu/ứng. DSO tăng → cash gãy.,days,"[{'tier': 'TIER_1_WARNING', 'condition': {'op': '>', 'value': 14, 'inclusive': True}, 'response_time': '15m', 'action_time': '1h', 'action_tier': 1}, {'tier': 'TIER_2_THROTTLE', 'condition': {'op': '>",thresholds.yaml
threshold::fin_opex_spent_cum_vnd,Threshold for fin_opex_spent_cum_vnd,Ngưỡng cảnh báo cho fin_opex_spent_cum_vnd,,Kill khi vượt budget cap. Tier3 = vượt 110% budget.,vnd,"[{'tier': 'TIER_2_THROTTLE', 'condition': {'op': '>', 'value_ref': {'metric_code': 'fin_pilot_opex_budget_vnd', 'multiplier': 1.0}, 'inclusive': True}, 'response_time': '5m', 'action_time': '30m', 'ac",thresholds.yaml
threshold::fin_runway_days,Threshold for fin_runway_days,Ngưỡng cảnh báo cho fin_runway_days,,"PROVISIONAL: runway thấp → dừng mở rộng, ưu tiên thu tiền.",days,"[{'tier': 'TIER_1_WARNING', 'condition': {'op': '<', 'value': 30, 'inclusive': True}, 'response_time': '15m', 'action_time': '1h', 'action_tier': 1}, {'tier': 'TIER_2_THROTTLE', 'condition': {'op': '<",thresholds.yaml
threshold::first_time_right_rate,Threshold for first_time_right_rate,Ngưỡng cảnh báo cho first_time_right_rate,,Gợi ý từ đề cương: ≥90%. Tier3 nếu chất lượng tụt sâu.,rate,"[{'tier': 'TIER_1_WARNING', 'condition': {'op': '<', 'value': 0.92, 'inclusive': True}, 'response_time': '15m', 'action_time': '1h', 'action_tier': 1}, {'tier': 'TIER_2_THROTTLE', 'condition': {'op': ",thresholds.yaml
threshold::hr_capacity_utilization_rate,Threshold for hr_capacity_utilization_rate,Ngưỡng cảnh báo cho hr_capacity_utilization_rate,,Nếu >1.0 kéo dài → quá tải → SLA vỡ.,rate,"[{'tier': 'TIER_1_WARNING', 'condition': {'op': '>', 'value': 0.9, 'inclusive': True}, 'response_time': '15m', 'action_time': '1h', 'action_tier': 1}, {'tier': 'TIER_2_THROTTLE', 'condition': {'op': '",thresholds.yaml
threshold::hr_roster_fill_rate,Threshold for hr_roster_fill_rate,Ngưỡng cảnh báo cho hr_roster_fill_rate,,Gate-0: nếu <100% roster fill thì không Go-Live.,rate,"[{'tier': 'TIER_3_HARD_STOP', 'condition': {'op': '<', 'value': 1.0, 'inclusive': True}, 'response_time': '2m', 'action_time': '15m', 'action_tier': 3}]",thresholds.yaml
threshold::ops_data_latency_hours,Threshold for ops_data_latency_hours,Ngưỡng cảnh báo cho ops_data_latency_hours,,Theo notes: KILL if widespread >24h.,hours,"[{'tier': 'TIER_1_WARNING', 'condition': {'op': '>', 'value': 6, 'inclusive': True}, 'response_time': '15m', 'action_time': '1h', 'action_tier': 1}, {'tier': 'TIER_2_THROTTLE', 'condition': {'op': '>'",thresholds.yaml
threshold::ops_fallback_breach_count,Threshold for ops_fallback_breach_count,Ngưỡng cảnh báo cho ops_fallback_breach_count,,Gate: nếu breach fallback >0 thì dừng (cầu dao tổng).,count,"[{'tier': 'TIER_3_HARD_STOP', 'condition': {'op': '>', 'value': 0, 'inclusive': True}, 'response_time': '2m', 'action_time': '15m', 'action_tier': 3}]",thresholds.yaml
threshold::pending_consent_aging_hours,Threshold for pending_consent_aging_hours,Ngưỡng cảnh báo cho pending_consent_aging_hours,,P0.1 rule: >48h cảnh báo/ép xin consent hoặc xóa. Tier3>72h để stop ingest/payout liên quan.,hours,"[{'tier': 'TIER_1_WARNING', 'condition': {'op': '>', 'value': 24, 'inclusive': True}, 'response_time': '15m', 'action_time': '1h', 'action_tier': 1}, {'tier': 'TIER_2_THROTTLE', 'condition': {'op': '>",thresholds.yaml
threshold::risk_img_metadata_valid_flag,Threshold for risk_img_metadata_valid_flag,Ngưỡng cảnh báo cho risk_img_metadata_valid_flag,,Nếu metadata ảnh/video không hợp lệ (EXIF/hash) → bad evidence → quarantine/reject theo A7.,flag,"[{'tier': 'TIER_3_HARD_STOP', 'condition': {'op': '==', 'value': False, 'inclusive': True}, 'response_time': '2m', 'action_time': '15m', 'action_tier': 3}, {'tier': 'TIER_2_THROTTLE', 'condition': {'o",thresholds.yaml
threshold::sla_breach_rate,Threshold for sla_breach_rate,Ngưỡng cảnh báo cho sla_breach_rate,,PROVISIONAL: breach spike là dấu hiệu vỡ ops. Review theo baseline.,rate,"[{'tier': 'TIER_1_WARNING', 'condition': {'op': '>', 'value': 0.1, 'inclusive': True}, 'response_time': '15m', 'action_time': '1h', 'action_tier': 1}, {'tier': 'TIER_2_THROTTLE', 'condition': {'op': '",thresholds.yaml
threshold::sla_lead_to_survey_hours,Threshold for sla_lead_to_survey_hours,Ngưỡng cảnh báo cho sla_lead_to_survey_hours,,Theo ghi chú metric: mục tiêu ≤48h. Tier3 để chặn payout/lead routing nếu backlog vỡ.,hours,"[{'tier': 'TIER_1_WARNING', 'condition': {'op': '>', 'value': 36, 'inclusive': True}, 'response_time': '15m', 'action_time': '1h', 'action_tier': 1}, {'tier': 'TIER_2_THROTTLE', 'condition': {'op': '>",thresholds.yaml
threshold::sla_survey_to_quote_hours,Threshold for sla_survey_to_quote_hours,Ngưỡng cảnh báo cho sla_survey_to_quote_hours,,Theo ghi chú metric: mục tiêu ≤24h. Tier3 nếu pipeline báo giá tắc.,hours,"[{'tier': 'TIER_1_WARNING', 'condition': {'op': '>', 'value': 18, 'inclusive': True}, 'response_time': '15m', 'action_time': '1h', 'action_tier': 1}, {'tier': 'TIER_2_THROTTLE', 'condition': {'op': '>",thresholds.yaml
threshold::stuck_rate_critical,Threshold for stuck_rate_critical,Ngưỡng cảnh báo cho stuck_rate_critical,,PROVISIONAL: tỷ lệ stuck case critical (bị kẹt) tăng → tắc pipeline/đứt payout.,rate,"[{'tier': 'TIER_1_WARNING', 'condition': {'op': '>', 'value': 0.03, 'inclusive': True}, 'response_time': '15m', 'action_time': '1h', 'action_tier': 1}, {'tier': 'TIER_2_THROTTLE', 'condition': {'op': ",thresholds.yaml
threshold::unconsented_pii_risk,Threshold for unconsented_pii_risk,Ngưỡng cảnh báo cho unconsented_pii_risk,,LOCKED: Không được lưu PII khi chưa consent. Ngưỡng=0 là tuyệt đối; mọi vi phạm phải cách ly + ngắt.,count,"[{'tier': 'TIER_3_HARD_STOP', 'condition': {'op': '>', 'value': 0, 'inclusive': True}, 'response_time': '2m', 'action_time': '15m', 'action_tier': 3}, {'tier': 'TIER_2_THROTTLE', 'condition': {'op': '",thresholds.yaml
threshold::vam_payout_latency_hours,Threshold for vam_payout_latency_hours,Ngưỡng cảnh báo cho vam_payout_latency_hours,,PROVISIONAL: payout chậm làm network vỡ. Review theo baseline.,hours,"[{'tier': 'TIER_1_WARNING', 'condition': {'op': '>', 'value': 48, 'inclusive': True}, 'response_time': '15m', 'action_time': '1h', 'action_tier': 1}, {'tier': 'TIER_2_THROTTLE', 'condition': {'op': '>",thresholds.yaml
threshold::vdcd_qa_pass_rate,Threshold for vdcd_qa_pass_rate,Ngưỡng cảnh báo cho vdcd_qa_pass_rate,,Nếu QA fail diện rộng → dữ liệu sai → risk. Placeholder nhưng có baseline gợi ý.,rate,"[{'tier': 'TIER_1_WARNING', 'condition': {'op': '<', 'value': 0.95, 'inclusive': True}, 'response_time': '15m', 'action_time': '1h', 'action_tier': 1}, {'tier': 'TIER_2_THROTTLE', 'condition': {'op': ",thresholds.yaml
threshold::war_room_decision_time_minutes,Threshold for war_room_decision_time_minutes,Ngưỡng cảnh báo cho war_room_decision_time_minutes,,PLACEHOLDER: incident SLA/war-room kẹt quyết định → cháy tài chính 30-60'.,minutes,"[{'tier': 'TIER_1_WARNING', 'condition': {'op': '>', 'value': 30, 'inclusive': True}, 'response_time': '15m', 'action_time': '1h', 'action_tier': 1}, {'tier': 'TIER_2_THROTTLE', 'condition': {'op': '>",thresholds.yaml
TIER_1_WARNING,TIER_1_WARNING,TIER 1 (Xanh/Vàng) – Cảnh báo,,Mức phản ứng theo ngưỡng.,tier,,thresholds.yaml:tiers
TIER_2_THROTTLE,TIER_2_THROTTLE,TIER 2 (Vàng) – Siết/tạm giảm tải,,Mức phản ứng theo ngưỡng.,tier,,thresholds.yaml:tiers
TIER_3_HARD_STOP,TIER_3_HARD_STOP,TIER 3 (Đỏ) – Ngắt hệ thống,,Mức phản ứng theo ngưỡng.,tier,,thresholds.yaml:tiers
unconsented_pii_risk,unconsented_pii_risk,Đếm số House_ID có PII nhưng chưa claimed/consented quá 48h (rủi ro pháp lý),,Đếm số House_ID có PII nhưng chưa claimed/consented quá 48h (rủi ro pháp lý).,count,K6 / unit=count,metrics.csv
ust,ust,UST - đại diện thương mại xã,,Vai trò trong hệ thống.,role,,events.yaml:spec.roles
ust_dau_rate,UST Daily Active User Rate,Tỷ lệ UST hoạt động hằng ngày (DAU),,Tỷ lệ UST có ít nhất 1 phiên thao tác trong ngày / tổng UST on-duty.,rate,K5 / unit=rate,metrics.csv
ust_on_duty_rate,ust_on_duty_rate,Tỷ lệ UST có hoạt động hợp lệ trong rolling 7 ngày / tổng roster,,Tỷ lệ UST có hoạt động hợp lệ trong rolling 7 ngày / tổng roster.,rate,K2 / unit=rate,metrics.csv
ust_productivity,ust_productivity,Năng suất UST: số touch/lead tạo ra mỗi ngày (rolling 7 ngày),,Năng suất UST: số touch/lead tạo ra mỗi ngày (rolling 7 ngày).,count/day,K2 / unit=count/day,metrics.csv
ust_working_capital_turnover_days,ust_working_capital_turnover_days,Vòng quay vốn lưu động tuyến đầu (UST) theo ngày (proxy),,Vòng quay vốn lưu động tuyến đầu (UST) theo ngày (proxy).,days,K4 / unit=days,metrics.csv
vam_payout_latency_hours,vam_payout_latency_hours,Độ trễ chi thưởng VAM từ event hợp lệ đến lúc payout (giờ),,Độ trễ chi thưởng VAM từ event hợp lệ đến lúc payout (giờ).,hours,K4 / unit=hours,metrics.csv
vat_goods_vnd,Goods VAT (VND),VAT hàng hóa (VND),,VAT của phần hàng hóa (10%).,vnd,K3 / unit=vnd,metrics.csv
vat_install_vnd,Install VAT (VND),VAT lắp đặt (VND),,VAT của phần lắp đặt (8%).,vnd,K3 / unit=vnd,metrics.csv
vat_total_vnd,VAT total (VND),VAT Total (VND),,Tổng VAT phải nộp = VAT hàng hóa 10% + VAT lắp đặt 8% theo install_pct.,vnd,K3 / unit=vnd,metrics.csv
vdcd_pack_completion_rate,vdcd_pack_completion_rate,Tỷ lệ House_ID đã có gói VDCD (2D/3D/GeoJSON/API) được tạo và publish trên tổng House_ID có drone scan/import trong kỳ,,Tỷ lệ House_ID đã có gói VDCD (2D/3D/GeoJSON/API) được tạo và publish trên tổng House_ID có drone scan/import trong kỳ.,rate,K0 / unit=rate,metrics.csv
vdcd_qa_pass_rate,vdcd_qa_pass_rate,Tỷ lệ gói VDCD QA pass trên tổng gói VDCD được tạo trong kỳ,,Tỷ lệ gói VDCD QA pass trên tổng gói VDCD được tạo trong kỳ.,rate,K0 / unit=rate,metrics.csv
verified_house_id_count,verified_house_id_count,Số House_ID đạt trạng thái qualified (đủ điều kiện) trong kỳ,,Số House_ID đạt trạng thái qualified (đủ điều kiện) trong kỳ.,count,K0 / unit=count,metrics.csv
war_room_decision_time_minutes,War-room decision time (minutes),Thời gian ra quyết định War-room (phút),,Thời gian từ khi trigger RED đến khi quyết định hành động được log.,minutes,K6 / unit=minutes,metrics.csv
unique_house_count,unique_house_count,House_ID duy nhất,,Số House_ID duy nhất xuất hiện trong event_log.,count,VD: 120,computed
lead_created_count,lead_created_count,Lead tạo mới,,Số event EVT_ENG_LEAD_CREATED.,count,VD: 50,computed
survey_started_count,survey_started_count,Khảo sát đã bắt đầu,,Số event EVT_TRX_SITE_SURVEY_STARTED.,count,VD: 30,computed
survey_completed_count,survey_completed_count,Khảo sát hoàn tất,,Số event EVT_TRX_SITE_SURVEY_COMPLETED.,count,VD: 20,computed
cash_collected_count,cash_collected_count,Thu tiền,,Số event EVT_FIN_CASH_COLLECTED.,count,VD: 5,computed
stuck_rate_critical,stuck_rate_critical,Tỷ lệ House_ID kẹt quá lâu,,Tỷ lệ house đang ở SHADOW/QUALIFIED mà lần cập nhật cuối đã quá 72 giờ.,rate,VD: 0.12,computed
consent_rate,consent_rate,Tỷ lệ consent/claimed,,Tỷ lệ house đạt CLAIMED (hoặc cao hơn) trên tổng house từng QUALIFIED.,rate,VD: 0.4,computed
survey_pack_completion_rate,survey_pack_completion_rate,Tỷ lệ House_ID có gói dữ liệu khảo sát,,KPI trung tính nhà cung cấp: tỷ lệ House_ID có gói dữ liệu khảo sát (2D/3D/GeoJSON/API) sau scan/import.,rate,K0 / rate,metrics.csv (canonical); alias via metric_alias.yaml
