txn_id,txn_ts,job_id,house_id,txn_type,amount_vnd,direction
TXN_0001,2025-12-26T09:10:00+07:00,JOB_0001,YLX01_H0001,DEPOSIT_IN,5000000,IN
TXN_0002,2026-01-03T18:00:00+07:00,JOB_0001,YLX01_H0001,FINAL_IN,50000000,IN
TXN_0003,2026-01-03T20:00:00+07:00,JOB_0001,YLX01_H0001,PAYOUT_OUT,2000000,OUT
TXN_0004,2025-12-26T10:10:00+07:00,JOB_0002,YLX01_H0002,DEPOSIT_IN,6000000,IN
TXN_0005,2026-01-06T17:00:00+07:00,JOB_0002,YLX01_H0002,FINAL_IN,54000000,IN
TXN_0006,2026-01-06T20:00:00+07:00,JOB_0002,YLX01_H0002,PAYOUT_OUT,1800000,OUT
